url,title,is_interesting,lemmatize_title
https://techcrunch.com/2020/06/30/spacex-successfully-launches-gps-iii-space-vehicle-on-behalf-of-the-u-s-space-force/,SpaceX successfully launches GPS III space vehicle on behalf of the U.S. Space Force,1.0,spacex success launch gp iii space vehicl on behalf of the u s space forc
https://techcrunch.com/2020/06/30/samsung-will-not-exhibit-at-ifa-2020-opts-for-digital-event-instead/,"Samsung will not exhibit at IFA 2020, opts for digital event instead",1.0,samsung will not exhibit at ifa opt for digit event instead
https://techcrunch.com/2020/06/30/oculus-co-founder-and-games-industry-vets-form-mountaintop-studios/,Oculus co-founder and games industry vets form Mountaintop Studios,0.0,oculu co found and game industri vet form mountaintop studio
https://techcrunch.com/2020/06/30/dear-sophie-is-immigration-happening-who-can-i-hire/,Dear Sophie: Is immigration happening? Who can I hire?,1.0,dear sophi Is immigr happen who can I hire
https://techcrunch.com/2020/06/30/to-promote-diversity-rewire-your-broken-corporate-culture/,"To promote diversity, rewire your broken corporate culture",1.0,To promot divers rewir your broken corpor cultur
https://techcrunch.com/2020/06/30/facebook-letter-senators-warner-hirono-boycott/,"With advertiser boycott growing, lawmakers press Facebook on white supremacy",1.0,with advertis boycott grow lawmak press facebook on white supremaci
https://techcrunch.com/2020/06/30/health-class-is-outdated-so-lessonbee-wants-to-fix-it/,"Health class is outdated, so Lessonbee wants to fix it",1.0,health class is outdat so lessonbe want to fix it
https://techcrunch.com/2020/06/30/nasa-sets-path-for-up-to-six-more-artemis-moon-exploration-missions-with-sls-booster-order/,NASA sets path for up to six more Artemis moon exploration missions with SLS booster order,1.0,nasa set path for up to six more artemi moon explor mission with sl booster order
https://techcrunch.com/2020/06/30/discord-now-has-a-3-5b-valuation-and-100m-for-a-sales-pitch-lighter-on-the-gaming/,Discord now has a $3.5B valuation and $100M for a sales pitch lighter on the gaming,1.0,discord now ha a b valuat and m for a sale pitch lighter on the game
https://techcrunch.com/2020/06/30/u-s-challenger-bank-chime-launches-credit-builder-a-credit-card-that-works-more-like-debit/,"US challenger bank Chime launches Credit Builder, a credit card that works more like debit",1.0,US challeng bank chime launch credit builder a credit card that work more like debit
https://techcrunch.com/2020/06/30/youtube-tv-hikes-price-to-64-99-per-month-following-new-channel-additions/,YouTube TV hikes price to $64.99 per month following new channel additions,1.0,youtub TV hike price to per month follow new channel addit
https://techcrunch.com/2020/06/30/daily-crunch-lululemon-is-acquiring-mirror/,Daily Crunch: Lululemon is acquiring Mirror,0.0,daili crunch lululemon is acquir mirror
https://techcrunch.com/2020/06/30/decrypted-police-leaks-anti-encryption/,"Decrypted: Police leaks, iOS 14 kills ad-tracking, anti-encryption bill",1.0,decrypt polic leak io kill ad track anti encrypt bill
https://techcrunch.com/2020/06/30/fcc-huawei-zte-national-security/,"FCC formally declares Huawei, ZTE ‘national security threats’",1.0,fcc formal declar huawei zte nation secur threat
https://techcrunch.com/2020/06/30/summit-raises-2-2b-across-two-megafunds-and-pulls-in-ex-ceo-of-soulcycle-as-newest-investor/,"Summit raises $2.2B across two megafunds, and pulls in ex-CEO of SoulCycle as newest investor",0.0,summit rais b across two megafund and pull in ex ceo of soulcycl as newest investor
https://techcrunch.com/2020/06/30/tune-up-your-pitch-tomorrow-at-pitchers-pitches/,Tune-up your pitch tomorrow at Pitchers & Pitches,0.0,tune up your pitch tomorrow at pitcher pitch
https://techcrunch.com/2020/06/30/e-scooter-firms-get-the-green-light-to-start-trials-of-up-to-one-year-on-uk-streets/,E-scooter firms get the green light to start trials of up to one year on UK streets,1.0,e scoot firm get the green light to start trial of up to one year on UK street
https://techcrunch.com/2020/06/30/microsoft-to-distribute-20m-in-grants-to-non-profits-offers-free-skills-training-via-linkedin/,"Microsoft to distribute $20M in grants to nonprofits, offers free skills training via LinkedIn",1.0,microsoft to distribut m in grant to nonprofit offer free skill train via linkedin
https://techcrunch.com/2020/06/30/rd-tax-credits-are-due-july-15th-neo-tax-wants-to-help-startups-apply-and-raised-3m-to-do-it/,"R&D tax credits are due July 15th. Neo.tax wants to help startups apply, and raised $3M to do it",0.0,R D tax credit are due juli th neo tax want to help startup appli and rais M to do it
https://techcrunch.com/2020/06/30/google-sheets-will-soon-be-able-to-autocomplete-data-for-you/,Google Sheets will soon be able to autocomplete data for you,1.0,googl sheet will soon be abl to autocomplet data for you
https://thehackernews.com/2020/06/strongpity-syria-turkey-hackers.html,Advanced StrongPity Hackers Target Syria and Turkey with Retooled Spyware,1.0,advanc strongpiti hacker target syria and turkey with retool spywar
https://thehackernews.com/2020/06/russian-credit-card-hacker.html,Russian Hacker Gets 9-Year Jail for Running Online Shop of Stolen Credit Cards,1.0,russian hacker get year jail for run onlin shop of stolen credit card
https://thehackernews.com/2020/06/image-credit-card-skimmers.html,e-Commerce Site Hackers Now Hiding Credit Card Stealer Inside Image Metadata,0.0,e commerc site hacker now hide credit card stealer insid imag metadata
https://thehackernews.com/2020/06/ddos-botnet-hacker-jailed.html,'Satori' IoT DDoS Botnet Operator Sentenced to 13 Months in Prison,0.0,satori iot ddo botnet oper sentenc to month in prison
https://thehackernews.com/2020/06/cryptocurrency-docker-image.html,Docker Images Containing Cryptojacking Malware Distributed via Docker Hub,1.0,docker imag contain cryptojack malwar distribut via docker hub
https://thehackernews.com/2020/06/geovision-scanner-vulnerabilities.html,Critical Bugs and Backdoor Found in GeoVision's Fingerprint and Card Scanners,1.0,critic bug and backdoor found in geovis s fingerprint and card scanner
https://thehackernews.com/2020/06/google-analytics-hacking.html,Hackers Using Google Analytics to Bypass Web Security and Steal Credit Cards,1.0,hacker use googl analyt to bypass web secur and steal credit card
https://thehackernews.com/2020/06/ios14-macos-big-sur-privacy.html,New Privacy Features Added to the Upcoming Apple iOS 14 and macOS Big Sur,1.0,new privaci featur ad to the upcom appl io and maco big sur
https://thehackernews.com/2020/06/virustotal-cynet-malware-detection.html,VirusTotal Adds Cynet's Artificial Intelligence-Based Malware Detection,0.0,virustot add cynet s artifici intelligence bas malwar detect
https://github.com/cjsturgess/query-params-js,Show HN: Query-Params.js,0.0,show HN query params j
https://kyligence.io/blog/apache-kylin-through-the-eyes-of-the-founders-episode-two/,Interview with the founders of open source big data project Apache Kylin,0.0,interview with the founder of open sourc big data project apach kylin
https://medium.com/@ashrust/how-to-manage-your-startups-advisors-with-template-47b687bdcb0c,How to Manage Your Startup’s Advisors (With Template),0.0,how to manag your startup s advisor with templat
https://snarky.ca/why-i-dont-like-semver/,I don't like SemVer anymore,0.0,I do n t like semver anymor
https://medium.com/nextux/design-better-buttons-6b64eb7f13bc,Design Better Buttons – do’s and don’ts of button design in UI development,0.0,design better button do s and don ts of button design in UI develop
https://www.leaningtech.com/pages/cheerp_demos.html#Demo,Show HN: C++ function+classes compiled to JavaScript. Open and go to dev console,0.0,show HN c function class compil to javascript open and go to dev consol
https://www.eff.org/deeplinks/2020/06/tell-your-senator-vote-no-earn-it-act,Tell Your Senator: Vote No on the Earn IT Act,1.0,tell your senat vote No on the earn IT act
https://www.pnas.org/content/early/2020/06/25/2004258117,Physical proximity to a traumatic event increases severity of stress symptoms,0.0,physic proxim to a traumat event increas sever of stress symptom
https://www.eff.org/deeplinks/2020/06/now-time-tell-congress-ban-federal-use-face-recognition,Now Is the Time: Tell Congress to Ban Federal Use of Face Recognition,1.0,now Is the time tell congress to ban feder use of face recognit
https://lee-phillips.org/vnOnTwitter/,Vladimir Nabokov on Twitter,0.0,vladimir nabokov on twitter
https://www.bbc.co.uk/news/science-environment-53235909,Mystery over monster star's vanishing act,0.0,mysteri over monster star s vanish act
https://9to5mac.com/2020/06/30/apple-arcade-strategy-shift/,"Apple shifting Apple Arcade strategy, canceling development of some games",1.0,appl shift appl arcad strategi cancel develop of some game
https://ayro.com/,Light-duty electric vehicles for commercial use,0.0,light duti electr vehicl for commerci use
https://yannbriancon.com/blog/automatic-login-django-ldap-authentication-tutorial/,Automatic Login in a Django Application Using External Authentication,0.0,automat login in a django applic use extern authent
https://yannbriancon.com/blog/eliminate-hibernate-n-plus-one-queries/,Eliminate Hibernate N+1 Queries,0.0,elimin hibern n queri
https://github.com/Luehang/react-native-gallery-swiper/pull/44,Give Credit to Original Library,0.0,give credit to origin librari
https://qntm.org/scp,Qntm's SCP Foundation Works,0.0,qntm s scp foundat work
https://cryptotrader.tax/blog/australian-tax-office-targets-cryptocurrency-investors,Australian Tax Office Targets Cryptocurrency Investors with 350k Warnings,1.0,australian tax offic target cryptocurr investor with k warn
https://www.youtube.com/watch?v=rj2rEpN2wR8,"Brand, Avatars, and Being Everything in Gaming",0.0,brand avatar and be everyth in game
https://www.forbes.com/sites/davidhambling/2020/06/30/update-on-florida-mystery-unmanned-spy-craft/#113026235716,Update on Florida Mystery Unmanned Spy Craft,0.0,updat on florida mysteri unman spi craft
https://www.youtube.com/watch?v=bf9J35yzM3E,What did Baudrillard think about The Matrix?,0.0,what did baudrillard think about the matrix
https://pradeeploganathan.com/git/git-branching-strategies/,Git Branching strategies – My notes,1.0,git branch strategi My note
https://dev.to/mcampourcy/the-first-french-computer-science-thesis-author-was-a-woman-but-nobody-knows-ho7,"1961: First CS Thesis in France, defended by Miss Créhange",0.0,first CS thesi in franc defend by miss cr hang
https://en.wikipedia.org/wiki/Motor_protein,Motor Protein,0.0,motor protein
https://issuetracker.google.com/issues/160190541,Google Calendar API Key returning 401,1.0,googl calendar api key return
https://waitbutwhy.com/2019/10/idea-labs-echo-chambers.html,Idea Labs and Echo Chambers,0.0,idea lab and echo chamber
https://hackaday.io/project/168616-poor-mans-polaroid,Just web cam and receipt printer – Poor Man's Polaroid,0.0,just web cam and receipt printer poor man s polaroid
https://www.bobbybobbybobby.com/blogs/news/sim-city-meets-starcraft-the-accidental-influences-of-chaotic-era,Sim City meets Starcraft: The accidental influences of this interstellar RTS,1.0,sim citi meet starcraft the accident influenc of thi interstellar rt
https://web.dev/progressively-enhance-your-pwa/,Progressively enhance your Progressive Web App,0.0,progress enhanc your progress web app
https://www.reuters.com/article/us-health-coronavirus-gilead-sciences-idUSKBN2401C8,"Gilead prices Covid-19 drug remdesivir at $2,340 per patient in richer nations",0.0,gilead price covid drug remdesivir at per patient in richer nation
https://www.psychologytoday.com/us/blog/awake-the-wheel/201305/the-only-bad-decision-is-indecision,The Only Bad Decision Is Indecision,0.0,the onli bad decis Is indecis
https://web.dev/sign-in-form-best-practices/,Sign-In Form Best Practices,1.0,sign in form best practic
https://www.reuters.com/article/us-health-coronavirus-china-vaccine-idUSKBN2400DZ,CanSino's Covid-19 vaccine candidate approved for military use in China,0.0,cansino s covid vaccin candid approv for militari use in china
https://github.com/vuejs/rfcs/issues/183,Vue 3: mid 2020 status update,0.0,vue mid statu updat
https://www.farmersfable.org/,Farmers Fable,0.0,farmer fabl
https://www.khronos.org/sycl/,SYCL 2020 Is Here,0.0,sycl Is here
https://yetiops.net/posts/prometheus-consul-saltstack-part-4-freebsd/,Using SaltStack to Deploy Consul and Prometheus Exporters on FreeBSD,0.0,use saltstack to deploy consul and prometheu export on freebsd
https://github.com/0xrawsec/sudocker,Running Docker without giving Docker group membership,0.0,run docker without give docker group membership
https://johncarlosbaez.wordpress.com/2020/06/29/noethers-theorem-2/,Getting to the Bottom of Noether’s Theorem,0.0,get to the bottom of noether s theorem
https://www.ctvnews.ca/business/lululemon-buys-at-home-exercise-startup-for-us-500-million-1.5005041,Lululemon buys at-home exercise startup for US$500M,0.0,lululemon buy at hom exercis startup for US m
https://www.scmp.com/news/china/article/3091285/us-telecoms-regulator-designates-chinas-huawei-zte-security-threats,"FCC designates China’s Huawei, ZTE as national security threats",1.0,fcc design china s huawei zte as nation secur threat
https://github.com/lewagon/rails-k8s-demo,Easy Rails on Kubernetes,0.0,easi rail on kubernet
https://arstechnica.com/tech-policy/2020/06/comcasts-data-cap-and-overage-fees-return-tomorrow-after-3-month-break/,Comcast's data cap and overage fees return tomorrow after 3-month break,0.0,comcast s data cap and overag fee return tomorrow after month break
https://www.vice.com/en_us/article/dyzyez/a-massive-star-has-seemingly-vanished-from-space-with-no-explanation,A Star Has Seemingly Vanished from Space with No Explanation,1.0,A star ha seemingli vanish from space with No explan
https://tinyprojects.dev/posts/lockdown_burnout,Lockdown Burnout,1.0,lockdown burnout
https://build5nines.com/latest-cloud-news-azure-certifications-github-outage-microsoft-closing-retail-jun-30-2020-build5nines-weekly/,"Latest Cloud News: Azure Certs, GitHub Outage, MS Closing Retail and More",1.0,latest cloud new azur cert github outag MS close retail and more
https://dl.acm.org/doi/abs/10.1145/3385412.3386037,Towards an API for the Real Numbers,0.0,toward an api for the real number
https://simonblogs.substack.com/p/-signal-a-17-billion-industry-ready?r=3stu8&utm_campaign=post&utm_medium=web&utm_source=hackernews,Indoor Plants: A $1.7B Industry. Here's how I'd start a D2C business,1.0,indoor plant A b industri here s how I d start a d c busi
https://www.bbc.com/news/world-europe-53237685,Germany far right: Elite KSK commando force 'to be partially disbanded',1.0,germani far right elit ksk commando forc to be partial disband
https://www.theatlantic.com/science/archive/2020/06/us-coronavirus-testing-could-fail-again/613675/,U.S. Coronavirus Testing Could Fail Again,0.0,u s coronaviru test could fail again
https://www.protocol.com/parrot-drone-surveillance-law-enforcement,Selling surveillance tech in the face of a civil rights movement,1.0,sell surveil tech in the face of a civil right movement
https://us02web.zoom.us/webinar/register/1615905555250/WN_z8jS7BRMRzOq61Kbs09mOw,"The state of D&I in tech today, and where we go from here (Webinar)",0.0,the state of D I in tech today and where we go from here webinar
https://www.collabora.com/news-and-blog/news-and-events/monado-multi-application-support-with-xr-extx-overlay.html,Monado: Multi Application Support with XR_EXTX_overlay,0.0,monado multi applic support with xr extx overlay
https://thereader.mitpress.mit.edu/american-democracy-is-less-broken-than-you-think/,American Democracy Is Less Broken Than You Think,1.0,american democraci Is less broken than you think
https://www.newyorker.com/magazine/2020/07/06/the-unruly-genius-of-joyce-carol-oates,The Unruly Genius of Joyce Carol Oates,0.0,the unruli geniu of joyc carol oat
https://www.sec.gov/Archives/edgar/data/1721947/000104746920003905/a2241939zs-1.htm,Jamf Holding Corp – S-1,0.0,jamf hold corp s
https://aws.amazon.com/blogs/storage/preserving-and-archiving-television-history-with-an-eye-toward-the-future/,Preserving and archiving television history with an eye toward the future,1.0,preserv and archiv televis histori with an eye toward the futur
https://vermaden.wordpress.com/2020/06/30/classic-thinkpad-thermal-paste-change/,Classic ThinkPad Thermal Paste Change,0.0,classic thinkpad thermal past chang
https://www.youtube.com/watch?v=3ZW1DI2PxvI,"Learning the Language of Failure – Andreas Zeller, CASA Distinguished Lecture",1.0,learn the languag of failur andrea zeller casa distinguish lectur
https://tech.economictimes.indiatimes.com/news/startups/this-is-an-indian-sputnik-moment-for-the-local-technology-industry-silicon-valley-investor-balaji-srinivasan/76709537,Naval and Balaji look to invest in Indian companies after Chinese Apps Ban,1.0,naval and balaji look to invest in indian compani after chines app ban
https://appleinsider.com/articles/20/06/30/apple-reportedly-evaluating-apple-silicon-powered-macos-on-iphone,Apple reportedly evaluating Apple Silicon-powered macOS on iPhone,1.0,appl reportedli evalu appl silicon pow maco on iphon
https://www.economist.com/science-and-technology/2020/06/25/pandemic-proofing-the-planet,Pandemic-Proofing the Planet,0.0,pandemic proof the planet
https://socialhooks.io/,Show HN: Social Hooks – Post to social with Slack-style incoming-webhooks,1.0,show HN social hook post to social with slack styl incoming webhook
https://dev.to/ahappyjob/avoid-the-job-hell-5-things-to-learn-about-the-engineering-team-before-accepting-a-job-offer-393b,Avoid the Job Hell: Things to Learn About the Eng Team Before Joining,0.0,avoid the job hell thing to learn about the eng team befor join
https://www.rgj.com/story/news/2020/06/29/coronavirus-nevada-covid-19-updates/3278534001/,Covid-19 spreading faster in Nevada than any other US state,0.0,covid spread faster in nevada than ani other US state
https://scrapingant.com/top-5-popular-javascript-libraries-for-web-scraping-in-2020/,Not Obvious Top Popular JavaScript Libraries for Web Scraping in 2020,0.0,not obviou top popular javascript librari for web scrape in
https://www.youtube.com/watch?v=dobIvTW_9pE,180 Days of Learning Blender,1.0,day of learn blender
https://www.ted.com/talks/rutger_bregman_poverty_isn_t_a_lack_of_character_it_s_a_lack_of_cash,Poverty isn’t a lack of character. It’s a lack of cash,1.0,poverti isn t a lack of charact It s a lack of cash
https://github.com/2020PB/police-brutality#hn,Git Repo of Police Brutality During the 2020 George Floyd Protests,0.0,git repo of polic brutal dure the georg floyd protest
https://www.billiondollarstartupideas.com/ideas/booze-pickup,Booze Pickup,1.0,booz pickup
http://papers.cumincad.org/data/works/att/ca71.content.pdf,Issue-based information systems for design (1989) [pdf],0.0,issue bas inform system for design pdf
https://www.smashingmagazine.com/2014/09/balancing-line-length-font-size-responsive-web-design/,Balancing Line Length and Font Size in Responsive Web Design,0.0,balanc line length and font size in respons web design
https://www.usatoday.com/story/tech/2020/06/30/facebook-alternatives-mewe-and-parler-old-linkedin-reddit/3280386001/,Done with Facebook? Consider these alternatives social networks,1.0,done with facebook consid these altern social network
https://www.peoplespolicyproject.org/2020/06/29/the-racial-wealth-gap-is-about-the-upper-classes/,The Racial Wealth Gap Is About the Upper Classes,1.0,the racial wealth gap Is about the upper class
https://blogs.sap.com/2020/06/23/credential-digger-using-machine-learning-to-identify-hardcoded-credentials-in-github/,Credential Digger: Using ML to Identify Hardcoded Credentials in GitHub,1.0,credenti digger use ML to identifi hardcod credenti in github
https://edition.cnn.com/2020/06/25/business/pakistan-fake-pilot-intl-hnk/index.html,"Almost 1 in 3 pilots in Pakistan have fake licenses, aviation minister says",0.0,almost in pilot in pakistan have fake licens aviat minist say
https://dev.to/mukeshwani/aws-lightsail-for-beginners-video-tutorials-gf8,AWS Lightsail video tutorials for beginners,0.0,aw lightsail video tutori for beginn
https://checkin.pub/,Show HN: We built a low friction registration service for UK pubs,0.0,show HN We built a low friction registr servic for UK pub
http://www.greenestreet.nyc,Greene Street Project – A Long History of a Short Block,0.0,green street project A long histori of a short block
https://material.security/case-study/cloudera,Building phishing herd immunity at Cloudera,1.0,build phish herd immun at cloudera
https://www.theregister.com/2020/06/30/libreoffice_70_beta/,LibreOffice slips out another 7.0 beta,0.0,libreoffic slip out anoth beta
https://www.thelancet.com/journals/lancet/article/PIIS0140-6736(20)31142-9/fulltext,"Physical distancing, face masks, and eye protection: review and meta-analysis",1.0,physic distanc face mask and eye protect review and meta analysi
https://summit.productled.com/,Product-Led Summit – “The Netflix of Product-Led Content”,0.0,product l summit the netflix of product l content
https://www.newyorker.com/culture/postscript/milton-glaser-made-you-look-once-think-twice,"Milton Glaser Made You Look Once, Think Twice",0.0,milton glaser made you look onc think twice
https://www.ctvnews.ca/health/coronavirus/no-smartphone-no-problem-singapore-rolls-out-coronavirus-contact-tracing-device-for-seniors-1.5003916,Singapore rolls out coronavirus contact-tracing device for seniors,0.0,singapor roll out coronaviru contact trac devic for senior
https://twitter.com/kamranahmedse/status/1276994010423361540,OAuth in One Picture,0.0,oauth in one pictur
https://tryhexadecimal.com/guides/http/410-gone,HTTP 410 – Gone,0.0,http gone
https://github.com/angeal185/domscript,Show HN: Domscript – A lightning fast DOM query and manipulation lib,0.0,show HN domscript A lightn fast dom queri and manipul lib
https://screenshot.rocks,Screenshot.rocks – A tool to quickly create browser mockups from screenshots,0.0,screenshot rock A tool to quickli creat browser mockup from screenshot
https://www.brookings.edu/research/following-the-money-china-incs-growing-stake-in-india-china-relations/,Following the money: China Inc’s growing stake in India-China relations,1.0,follow the money china inc s grow stake in india china relat
https://www.sapiens.org/archaeology/archaeology-dogs/,Can Archaeology Dogs Smell Ancient Time?,1.0,can archaeolog dog smell ancient time
https://news.sky.com/story/betelgeuse-has-dimmed-60-ahead-of-potentially-imminent-supernova-12017859,Astronomy: Betelgeuse has dimmed 60% ahead of potentially imminent supernova,1.0,astronomi betelgeus ha dim ahead of potenti immin supernova
https://www.webdesignmuseum.org/,The Museum of UX&UI Design,0.0,the museum of UX UI design
https://soft.vub.ac.be/~mvdcamme/The%20Essence%20of%20Meta-Tracing%20JIT%20Compilers.pdf,The Essence of Meta-Tracing JIT Compilers [pdf],0.0,the essenc of meta trac jit compil pdf
https://investdatapros.com/learn-python-for-investing/,Guide on Using Python for Investors,1.0,guid on use python for investor
https://www.ftb.ca.gov/file/ways-to-file/online/calfile/index.asp,CalFile – File directly with us for free,0.0,calfil file directli with us for free
https://twitter.com/elkingtonxy/status/1276905883805511680,Case studies on two leading synthetic biology companies,1.0,case studi on two lead synthet biolog compani
https://www.theverge.com/2020/6/30/21308449/youtube-tv-price-increase-64-99-viacom-hbo-new-channels,YouTube TV sharply increases monthly subscription to $64.99,1.0,youtub TV sharpli increas monthli subscript to
https://twitter.com/elkingtonxy/status/1276908216778014720,Life Sciences Observations,0.0,life scienc observ
https://www.apple.com/newsroom/2020/06/watchos-7-adds-significant-personalization-health-and-fitness-features-to-apple-watch/,"New personalization, health, and fitness features in Apple Watch",1.0,new person health and fit featur in appl watch
https://www.discovermagazine.com/planet-earth/the-science-of-making-a-wild-sourdough-starter,The Science of Making a Wild Sourdough Starter,0.0,the scienc of make a wild sourdough starter
https://thetechonomics.com/irwn,How we failed at making a viral video,1.0,how we fail at make a viral video
https://www.theguardian.com/us-news/2020/jun/30/us-buys-up-world-stock-of-key-covid-19-drug,US buys up world stock of key Covid-19 drug,0.0,US buy up world stock of key covid drug
https://nova.chat/,NovaChat: Multi-Network Chat,0.0,novachat multi network chat
https://dynalist.io/,Dynalist,0.0,dynalist
https://phys.org/news/2020-06-rebuild-broken-bone.html,Buzzing to Rebuild Broken Bone,0.0,buzz to rebuild broken bone
https://news.bloomberglaw.com/ip-law/supreme-court-affirms-validity-of-booking-com-trademark,Supreme Court Affirms Validity of ‘Booking.com’ Trademark,0.0,suprem court affirm valid of booking com trademark
https://www.carbonbrief.org/guest-post-how-climate-change-misinformation-spreads-online,Climate change misinformation spreads online,1.0,climat chang misinform spread onlin
https://www.nbcnews.com/news/world/china-forcefully-harvests-organs-detainees-tribunal-concludes-n1018646,"China forcefully harvests organs from detainees, tribunal concludes",1.0,china forc harvest organ from detaine tribun conclud
https://giffmex.org/stroll/stroll.html,"Stroll – A Roam-like experience in a free, downloadable file",1.0,stroll A roam lik experi in a free download file
https://engineering.zenduty.com/blog/2020/06/29/learning-from-postmortems,Learning from Incidents – what to do after you write a postmortem?,0.0,learn from incid what to do after you write a postmortem
https://pudding.cool/projects/flooding/visuals/,Flooding in America,0.0,flood in america
https://decrypt.co/34078/hackers-university-california-bitcoin,Hackers ransom California university’s academic data for Bitcoin,1.0,hacker ransom california univers s academ data for bitcoin
https://www.celitech.us,New: Check Out CeliTech's US Service,0.0,new check out celitech s US servic
https://twitter.com/AjitPaiFCC/status/1278003564162449417,The FCC designates Huawei and ZTE as US national security threats,0.0,the fcc design huawei and zte as US nation secur threat
https://www.fcc.gov/document/commissioner-starks-barring-huawei-and-zte-usf,Commissioner Starks on Barring Huawei and ZTE from USF,0.0,commission stark on bar huawei and zte from usf
https://www.vscodecandothat.com/,Vs code can do that?,1.0,Vs code can do that
https://www.dolthub.com/blog/2020-06-29-query-diff/,Diff Queries Between Database Commits,0.0,diff queri between databas commit
https://www.cell.com/neuron/fulltext/S0896-6273(09)00733-8,Biomedical Research Has Dramatically Changed over the Past Half-Century,1.0,biomed research ha dramat chang over the past half centuri
https://www.atlasobscura.com/articles/caretakers-of-sealand,"Meet the Caretakers of Sealand, the World’s Most Stubborn Micronation",1.0,meet the caretak of sealand the world s most stubborn micron
https://www.msn.com/en-us/finance/companies/disney-2b-drops-us-free-trial-in-sign-of-subscriber-strength/ar-BB15JiVJ,Disney+ Drops U.S. Free Trial in Sign of Subscriber Strength,1.0,disney drop u s free trial in sign of subscrib strength
https://phys.org/news/2020-06-density-equity-history-epidemics-york.html,"Density, equity, and the history of epidemics in New York City",1.0,densiti equiti and the histori of epidem in new york citi
https://www.nytimes.com/2020/06/29/science/flying-snakes-physics.html,How Do Flying Snakes Glide Through the Air? ‘It’s Hard to Believe’,1.0,how Do fli snake glide through the air It s hard to believ
https://dynamicecology.wordpress.com/2014/01/23/william-shockley-on-what-makes-a-person-write-a-lot-of-papers-and-the-superstar-researcher-system/,The superstar researcher system (2014),0.0,the superstar research system
https://PokerHelper.app,Show HN: Make money playing online poker with AI,1.0,show HN make money play onlin poker with AI
https://android-developers.googleblog.com/2020/06/system-hardening-in-android-11.html,System Hardening in Android 11,1.0,system harden in android
https://phys.org/news/2020-06-russian-arctic-fantastical-weather-chief.html,Russian Arctic sets 'fantastical' heat records: weather chief,1.0,russian arctic set fantast heat record weather chief
https://www.smithsonianmag.com/history/geography-protest-how-urban-design-can-make-or-break-people-power-180975189/,Urban Design Can Make or Break a Protest,1.0,urban design can make or break a protest
https://axial.substack.com/p/value-investing-in-life-sciences,Value Investing in Life Sciences,0.0,valu invest in life scienc
https://www.jitbit.com/alexblog/249-now-thats-what-i-call-a-hacker/,Now that's what I call a Hacker,0.0,now that s what I call a hacker
https://arstechnica.com/gaming/2020/06/vr-sunglasses-are-possible-with-new-holographic-display-technology/,Holographic tech is shrinking VR displays to the size of sunglasses,1.0,holograph tech is shrink VR display to the size of sunglass
https://finance.yahoo.com/news/coronavirus-brings-american-decline-open-123041932.html,Americans living in big 'anger incubator.' Experts have tips for regulating rage,0.0,american live in big anger incub expert have tip for regul rage
https://www.omnigroup.com/omnifocus/,OmniFocus – Task Management Software Built for Pros,0.0,omnifocu task manag softwar built for pro
https://www.reuters.com/article/us-tech-antitrust-google-focus-idUSKBN23X1D7,Google antitrust probe nears finish line,1.0,googl antitrust probe near finish line
https://mathvault.ca/hub/higher-math/math-symbols/set-theory-symbols/,Set theory in 6 diagrams and 100 symbols,0.0,set theori in diagram and symbol
https://kentindell.github.io/2020/06/29/can-priority-inversion/,Can Priority Inversion,0.0,can prioriti invers
https://www.ftc.gov/news-events/press-releases/2020/06/ftc-doj-issue-antitrust-guidelines-evaluating-vertical-mergers,FTC and DOJ Antitrust Guidelines for Evaluating Vertical Mergers,0.0,ftc and doj antitrust guidelin for evalu vertic merger
https://medium.com/coinmonks/stablecoins-2-0-economic-foundations-for-defi-b9ab38500b87,"Stablecoins 2.0: A Framework for Risks, Models, and Open Problems",1.0,stablecoin A framework for risk model and open problem
https://www.youtube.com/watch?v=5TfPVzl0btA,Bolsonaro: How quickly is he destroying the Amazon Rainforest? [video],0.0,bolsonaro how quickli is he destroy the amazon rainforest video
https://arstechnica.com/science/2020/06/mercury-and-algal-blooms-poisoned-maya-reservoirs-at-tikal/,Mercury and algal blooms poisoned Maya reservoirs at Tikal,1.0,mercuri and algal bloom poison maya reservoir at tikal
https://arstechnica.com/science/2020/06/for-spacex-falcon-9-reuse-is-now-essential/,"For SpaceX, Falcon 9 reuse is now essential",1.0,for spacex falcon reus is now essenti
https://getaproductjob.com/,Show HN: Find your dream job in a product based company,0.0,show HN find your dream job in a product base compani
https://svs.gsfc.nasa.gov/13641,A Decade of Sun,0.0,A decad of sun
https://twitter.com/XieToni/status/1278029980585406468,North Acquired by Google – The Canadian Gov. Subsidizes Failing Tech Companies,0.0,north acquir by googl the canadian gov subsid fail tech compani
https://www.calnewport.com/blog/2020/06/27/on-the-exceptionalism-of-books-in-an-age-of-tweets/,On the Exceptionalism of Books in an Age of Tweets,1.0,On the exception of book in an age of tweet
https://www.swyx.io/writing/eponymous-laws/,Eponymous Laws,0.0,eponym law
https://reubsvision.mu/Mauritius360.html,Homemade “Aerial Street View” for Island Nation of Mauritius,0.0,homemad aerial street view for island nation of mauritiu
https://www.zdnet.com/article/soda-foundation-expands-cloud-data-autonomy-plans/,Soda Foundation expands cloud data autonomy plans,0.0,soda foundat expand cloud data autonomi plan
http://linear.app/,Linear – A fast issue tracker,0.0,linear A fast issu tracker
https://www.reuters.com/article/us-usa-judges-misconduct-specialreport/special-report-thousands-of-us-judges-who-broke-laws-oaths-remained-on-the-bench-idUSKBN2411WG,"Thousands of U.S. judges who broke laws, oaths remained on the bench",0.0,thousand of u s judg who broke law oath remain on the bench
https://www.bloomberg.com/news/articles/2020-06-30/teen-volunteer-to-wikileaks-assange-dug-dirt-and-wooed-bieber-mccartney,Teen Volunteer to WikiLeaks’ Assange Dug Dirt and Wooed Bieber,1.0,teen volunt to wikileak assang dug dirt and woo bieber
https://www.bryanbraun.com/checkboxland/,Checkboxland – Render anything as HTML checkboxes,0.0,checkboxland render anyth as html checkbox
https://9to5google.com/2020/06/30/youtube-tv-raise/,Google raises YouTube TV subscription to $64.99 per month for all members,1.0,googl rais youtub TV subscript to per month for all member
https://www.vice.com/en_ca/article/ep4pwp/ubers-new-strategy-buy-unprofitable-postmates,Uber’s New Strategy: Buy Unprofitable Companies,1.0,uber s new strategi buy unprofit compani
https://techcrunch.com/2020/06/30/discord-now-has-a-3-5b-valuation-and-100m-for-a-sales-pitch-lighter-on-the-gaming/,Discord now has a $3.5B valuation,0.0,discord now ha a b valuat
https://www.lmtonline.com/business/article/Two-Friends-in-Texas-Were-Tested-for-Coronavirus-15374011.php,"Two Friends in Texas Tested for Coronavirus. One Bill Was $199. The Other $6,408",0.0,two friend in texa test for coronaviru one bill wa the other
https://www.holloway.com/g/angel-investing/sections/what-angels-need-to-know-about-business-entities-and-taxes,What Angels Need to Know About Business Entities and Taxes,0.0,what angel need to know about busi entiti and tax
https://www.nytimes.com/2020/06/30/us/politics/reddit-bans-steve-huffman.html,Reddit’s CEO on Why He Banned ‘The_Donald’ Subreddit,1.0,reddit s ceo on whi He ban the donald subreddit
https://www.techspot.com/article/2042-winamp/,What Ever Happened to Winamp?,1.0,what ever happen to winamp
https://twitter.com/dhh/status/1277752251969232897,Having to take screenshots of App Review rejections is not normal,1.0,have to take screenshot of app review reject is not normal
https://blog.routegy.com/2020/06/30/examination-curbside-pickup-experience/,An examination of the curbside pickup experience,1.0,An examin of the curbsid pickup experi
https://www.jilliantamaki.com/new-page-2,Idea Generation (2008),0.0,idea gener
https://www.theatlantic.com/family/archive/2020/06/working-parents-impossible/613429/,What America Asks of Working Parents Is Impossible,1.0,what america ask of work parent Is imposs
https://www.reddit.com/r/beneater/comments/hiqnqf/microsoft_basic_running_on_db6502/,Microsoft Basic running on a homebrew 6502,1.0,microsoft basic run on a homebrew
https://www.businessinsider.com/youtube-bans-stefan-molyneux-hate-speech-david-duke-richard-spencer-2020-6,"YouTube Hate Speech Bans: Richard Spencer, David Duke, Stefan Molyneux",0.0,youtub hate speech ban richard spencer david duke stefan molyneux
https://www.ft.com/content/4969b0a6-9e70-4135-a703-eac438d8ef50,"Gilead to charge governments $2,340 for Covid-19 drug remdesivir",0.0,gilead to charg govern for covid drug remdesivir
https://blog.algolia.com/writing-usable-code/?hn-2,Insights on How to Write Usable Code,1.0,insight on how to write usabl code
https://www.youtube.com/watch?v=vuMg0QwKAGI,Not a Wheelchair – Introducing 'The Rig',0.0,not a wheelchair introduc the rig
https://techcrunch.com/2020/06/29/personal-capital-sells-to-empower-retirement-in-deal-worth-up-to-1b/,Personal Capital sells to Empower Retirement in deal worth up to $1B,0.0,person capit sell to empow retir in deal worth up to B
https://www.eso.org/public/news/eso2010/,A Cosmic Mystery: ESO Telescope Captures the Disappearance of a Star,1.0,A cosmic mysteri eso telescop captur the disappear of a star
https://www.apollographql.com/blog/introducing-the-apollo-explorer,The Apollo Explorer,0.0,the apollo explor
https://transitjam.com/2020/06/30/national-security-law-english-translation/,China's New National Security Law (English Translation),0.0,china s new nation secur law english translat
https://medium.com/@AnthonytXie/north-acquired-by-google-at-a-discount-how-the-canadian-government-subsidizes-failing-tech-a32116d222c6,North Acquired – How the Canadian Government Subsidizes Failing Tech Companies,1.0,north acquir how the canadian govern subsid fail tech compani
https://medium.com/hyvor-talk/19-reasons-to-remove-disqus-from-your-website-5f709a6677d4,Reasons to Remove Disqus from Your Website,1.0,reason to remov disqu from your websit
https://progressiveapp.store/,AppShare – App Portfolio for Developers,0.0,appshar app portfolio for develop
https://www.theguardian.com/sport/2020/jun/30/dock-ellis-lsd-no-hitter-pittsburgh-pirates-baseball,"'I'm high as a Georgia pine': Dock Ellis's no-hitter on LSD, 50 years on",0.0,I m high as a georgia pine dock elli s no hitt on lsd year on
https://www.goodnewsnetwork.org/scientist-uses-soap-bubbles-to-pollinate-crops/,Soap Bubbles Delivered by a Tiny Drone Can Pollinate Crops,0.0,soap bubbl deliv by a tini drone can pollin crop
https://www.youtube.com/watch?v=zikI2fazPLo&feature=emb_title,[video] Fighter Pilot Breaks Down Every Button in an F-15 Cockpit,0.0,video fighter pilot break down everi button in an f cockpit
https://desmondrivet.com/2020/04/04/indieweb-conversation,How to Have a Conversation on the IndieWeb,0.0,how to have a convers on the indieweb
https://whimsical.club/,The Whimsical Web: Websites that spark joy,0.0,the whimsic web websit that spark joy
https://www.deepcube.com/,Deploy AI onto edge devices with DeepCube,0.0,deploy AI onto edg devic with deepcub
http://www.managetrainlearn.com/page/group-creativity,"A Problem of Ice, Bears, and Honey Pots",1.0,A problem of ice bear and honey pot
https://pdfpiw.uspto.gov/.piw?PageNum=0&docid=10687603&IDKey=&HomeUrl=%2F,Fogless bathroom mirror,1.0,fogless bathroom mirror
https://www.bloomberg.com/news/articles/2020-06-30/software-maker-for-apple-devices-jamf-files-for-u-s-ipo,Jamf Files for IPO,0.0,jamf file for ipo
https://www.bbc.com/news/technology-20439301,How the world's first webcam made a coffee pot famous (2012),0.0,how the world s first webcam made a coffe pot famou
https://www.rdsaunders.co.uk/indieweb/2019/12/03/post-short-notes-to-a-jekyll-blog-using-ios-shortcut,Post short notes to a Jekyll blog using an iOS Shortcut,0.0,post short note to a jekyl blog use an io shortcut
http://www.stochasticlifestyle.com/glue-ad-for-full-language-differentiable-programming/,Glue Ad for Full-Language Differentiable Programming,0.0,glue Ad for full languag differenti program
https://www.quickpublisher.online,Show HN: A simple blogging platform to monetize without ads,0.0,show HN A simpl blog platform to monet without ad
https://www.bloomberg.com/news/videos/2020-06-30/u-s-revokes-hong-kong-s-special-status-video,U.S. revokes Hong Kong’s special status,0.0,u s revok hong kong s special statu
https://www.theatlantic.com/politics/archive/2020/06/how-white-house-coronavirus-response-went-wrong/613591/,Weeks That Changed Everything,0.0,week that chang everyth
https://hacks.mozilla.org/2020/06/new-in-firefox-78/,New in Firefox 78,0.0,new in firefox
https://www3.cs.stonybrook.edu/~dongyoon/papers/FSE-19-LinguaFranca.pdf,Why aren't regular expressions a lingua franca? [pdf],0.0,whi are n t regular express a lingua franca pdf
https://asia.nikkei.com/Politics/Hong-Kongers-erase-digital-footprints-ahead-of-security-laws,Hong Kongers erase digital footprints ahead of security laws,1.0,hong konger eras digit footprint ahead of secur law
https://layoffs.fyi/2020/06/29/programming-service-dark-releases-layoff-list/,Programming service Dark releases layoff list,1.0,program servic dark releas layoff list
https://www.profitfactory.com/360delegation/,Delegation,0.0,deleg
https://www.sfgate.com/news/editorspicks/article/UCSF-Bob-Wachter-California-coronavirus-surge-15376550.php,'The miracle is over': UCSF doctor on what went wrong in California,1.0,the miracl is over ucsf doctor on what went wrong in california
https://www.reuters.com/article/us-fitbit-m-a-alphabet-eu/eu-antitrust-regulators-set-july-20-deadline-for-google-fitbit-deal-idUSKBN23N1ZL,EU antitrust regulators set July 20 deadline for Google Fitbit acquisition,0.0,EU antitrust regul set juli deadlin for googl fitbit acquisit
https://tedium.co/2020/06/23/television-test-patterns-history/,Test Pattern History: How Color Bars Became a TV Staple,0.0,test pattern histori how color bar becam a TV stapl
https://www.bleepingcomputer.com/news/security/uc-san-francisco-pays-114-million-for-ransomware-decryptor/,California university pays $1.14M in Bitcoin after ransomware attack,1.0,california univers pay m in bitcoin after ransomwar attack
https://spectrum.ieee.org/tech-talk/computing/hardware/new-hardware-mimics-spiking-behavior-of-neurons-with-high-efficiency,New Hardware Mimics Spiking Behavior of Neurons with High Efficiency,0.0,new hardwar mimic spike behavior of neuron with high effici
https://www.youtube.com/watch?v=yaonVYOTSsk,"Micro Men – 10th Anniversary – With Chris Curry, Steve Furber and Hermann Hauser",0.0,micro men th anniversari with chri curri steve furber and hermann hauser
https://bionic.fullstory.com/grpcui-dont-grpc-without-it/,GRPCui: Don’t gRPC Without It,0.0,grpcui don t grpc without It
https://bsdsec.net/articles/freebsd-announce-virtual-bug-squash-saturday-11th-july-1400-2100utc,"FreeBSD Virtual Bug Squash, Saturday 11th July 1400-2100UTC",0.0,freebsd virtual bug squash saturday th juli utc
https://venturebeat.com/2020/06/21/waymo-and-uber-propose-ai-techniques-to-improve-self-driving-systems/,Waymo and Uber propose AI techniques to improve self-driving systems,1.0,waymo and uber propos AI techniqu to improv self driv system
https://www.techdirt.com/articles/20200531/23325444617/hello-youve-been-referred-here-because-youre-wrong-about-section-230-communications-decency-act.shtml,You're Wrong About Section 230 of the Communications Decency Act,1.0,you re wrong about section of the commun decenc act
https://jetholt.com/micro/good-enough/,You only have to be good enough,1.0,you onli have to be good enough
https://www.armory.io/blog/continuous-delivery-using-spinnaker-on-amazon-eks/,Continuous Delivery Using Armory (YC W17) Spinnaker on Amazon EKS,0.0,continu deliveri use armori YC w spinnak on amazon ek
https://www.bbc.com/news/world-asia-china-53220713,"China forcing birth control on Uighurs to suppress population, report says",1.0,china forc birth control on uighur to suppress popul report say
https://www.nytimes.com/2020/06/30/us/politics/russian-bounties-afghanistan-intelligence.html,Data on Financial Transfers Bolstered Suspicions That Russia Offered Bounties,1.0,data on financi transfer bolster suspicion that russia offer bounti
https://lightstep.com/blog/rca-in-three-clicks,Root Cause Analysis in Three Clicks,0.0,root caus analysi in three click
https://www.bbc.com/news/world-us-canada-53224445,Two teenagers shot in Seattle's Chop autonomous zone,0.0,two teenag shot in seattl s chop autonom zone
https://www.nydailynews.com/news/world/ny-iran-arrest-warrant-president-trump-killing-20200629-bphcdgci3vgchfpretlmuxfwxy-story.html,"Iran charges President Trump with ‘murder,' issues arrest warrant",0.0,iran charg presid trump with murder issu arrest warrant
https://n-o-d-e.net/nodevol02.html,NODE VOL 02 – A zine featuring open hardware projects and decentralized software,0.0,node vol A zine featur open hardwar project and decentr softwar
https://guzey.com/why-is-there-only-one-elon-musk/,Why is there only one Elon Musk? Why is there so much low-hanging fruit?,0.0,whi is there onli one elon musk whi is there so much low hang fruit
https://www.pcworld.com/article/2984597/hard-core-data-preservation-the-best-media-and-methods-for-archiving-your-data.html,Hard-core data preservation: best media and methods for archiving (2016),0.0,hard cor data preserv best media and method for archiv
https://scalegrid.io/blog/mongodb-index-builds-preventing-users-from-triggering-new-builds/,MongoDB Index Builds – Preventing Users from Triggering New Builds,0.0,mongodb index build prevent user from trigger new build
https://www.davideguida.com/how-to-deploy-blazor-webassembly-on-github-pages-using-github-actions/,How to Deploy Blazor WebAssembly on GitHub Pages Using GitHub Actions,0.0,how to deploy blazor webassembl on github page use github action
https://www.aljazeera.com/ajimpact/growing-evidence-uighurs-forced-work-china-factories-report-200302155812327.html,Growing evidence Uighurs forced to work in China factories-report,0.0,grow evid uighur forc to work in china factories report
https://www.arkansasonline.com/news/2020/jun/28/city-codes-that-divide-us/,City Codes That Divide Us,1.0,citi code that divid Us
https://research.fb.com/blog/2020/06/holographic-optics-for-thin-and-lightweight-virtual-reality/,Holographic optics for thin and lightweight virtual reality,1.0,holograph optic for thin and lightweight virtual realiti
http://antirez.com/news/124,Writing system software: code comments,0.0,write system softwar code comment
https://www.classcentral.com/report/coronavirus-most-popular-courses/,Popular Courses During the Pandemic,1.0,popular cours dure the pandem
https://www.bis.org/publ/arpdf/ar2020e.pdf,Bank of Internation Settlements Annual Economic Report [pdf],0.0,bank of intern settlement annual econom report pdf
https://dev.to/lazerwalker/what-is-spatial-audio-why-does-it-matter-and-what-s-apple-s-plan-239b,"What Is Spatial Audio, Why Does It Matter, and What's Apple's Plan?",0.0,what Is spatial audio whi doe It matter and what s appl s plan
https://matcha.xyz/,Matcha – Simple P2P crypto trading for everyone,0.0,matcha simpl p p crypto trade for everyon
https://www.npr.org/2020/06/30/883074890/supreme-court-montana-cant-exclude-religious-schools-from-scholarship-program,Supreme Court: Montana Can't Exclude Religious Schools from Scholarship Program,1.0,suprem court montana Ca n t exclud religi school from scholarship program
https://httptoolkit.tech/blog/whats-coming-in-typescript-4/,What's Coming in TypeScript 4,0.0,what s come in typescript
https://hbr.org/2016/08/the-two-things-killing-your-ability-to-focus,The Two Things Killing Your Ability to Focus,1.0,the two thing kill your abil to focu
https://techdebtguide.com/case-study-stack-overflow,Case Study: Technical Debt at Stack Overflow,1.0,case studi technic debt at stack overflow
https://m.signalvnoise.com/the-evolution-of-hey/,The evolution of HEY: from humble beginnings to a multi-platform email service,1.0,the evolut of hey from humbl begin to a multi platform email servic
https://github.com/psyhomb/wireguard-tools,Easy yet powerful script for configuring WireGuard VPN server and client,0.0,easi yet power script for configur wireguard vpn server and client
https://www.maths.ed.ac.uk/~v1ranick/papers/wilsongraph.pdf,Introduction to Graph Theory [pdf],1.0,introduct to graph theori pdf
https://techcrunch.com/2020/06/30/fcc-huawei-zte-national-security/,"FCC formally declares Huawei, ZTE ‘national security threats’",0.0,fcc formal declar huawei zte nation secur threat
https://franklyspeaking.substack.com/p/298277_frankly-speaking-9-3-19,What Is SaaS?,0.0,what Is saa
https://www.theverge.com/2020/6/30/21308194/discord-gaming-users-safety-center-video-voice-chat,Discord raises $100M and plans to move beyond gaming,1.0,discord rais m and plan to move beyond game
https://secondbreakfast.co/the-high-frequency-trading-of-news,The High-Frequency-Trading of News,1.0,the high frequency trad of new
https://www.bloomberg.com/news/articles/2020-06-30/netflix-will-shift-100-million-of-cash-into-black-owned-banks,Netflix to Shift $100M Cash into Black-Owned Banks,0.0,netflix to shift m cash into black own bank
https://marginalrevolution.com/marginalrevolution/2020/06/how-to-live-in-world-gone-mad.html,How to Live in a World Gone Mad?,0.0,how to live in a world gone mad
https://ai.googleblog.com/2020/06/spinenet-novel-architecture-for-object.html,SpineNet: A Novel Architecture for Object Detection Discovered with Neural,0.0,spinenet A novel architectur for object detect discov with neural
https://massivesci.com/notes/tweet-science-communication-research-public/,Tweeting about research results in three times more citations,0.0,tweet about research result in three time more citat
https://thenewstack.io/kuma-a-new-cncf-project-enhances-the-control-plane-for-mixed-infrastructure/,Kuma: the OSS Universal Service Mesh is now donated to the CNCF foundation.,0.0,kuma the oss univers servic mesh is now donat to the cncf foundat
https://www.searchenginejournal.com/keyword-data-accuracy-study/372492/,Keyword Data Accuracy and Data Manipulation by SEO Tools [In-Depth Study],0.0,keyword data accuraci and data manipul by seo tool in depth studi
https://github.com/huggingface/transformers/releases/tag/v3.0.0,Transformers 3.0.0,0.0,transform
https://www.nytimes.com/reuters/2020/06/30/world/asia/30reuters-china-gold-kingold-jewelry.html,China's Kingold Shares Tank on Report of Fake Gold Bars Used for Collateral,0.0,china s kingold share tank on report of fake gold bar use for collater
https://www.gld.gov.hk/egazette/pdf/20202444e/cs220202444136.pdf,Hong Kong “National Security Law” [pdf],0.0,hong kong nation secur law pdf
https://security.googleblog.com/2020/06/system-hardening-in-android-11.html,System Hardening in Android 11,0.0,system harden in android
https://blog.dshr.org/2020/06/bill-shannon-rip.html,Bill Shannon RIP,0.0,bill shannon rip
https://github.com/bnjf/compre.sh/blob/master/compre.sh,Show HN: LZW Encoder in Shell Script,0.0,show HN lzw encod in shell script
https://medium.com/@dvirsegal/the-social-glue-of-the-teams-lunch-23c915cad719,The social glue of the team’s lunch,0.0,the social glue of the team s lunch
https://patwalls.com/ab-testing-with-just-google-analytics,Simple AB Testing with Google Analytics,0.0,simpl AB test with googl analyt
https://www.faa.gov/news/press_releases/news_story.cfm?newsId=24956,DOT Announces Technology Partners for Remote ID Development,0.0,dot announc technolog partner for remot ID develop
https://formcake.com/blog/top-concerns-when-choosing-a-tech-stack-for-your-personal-website,Top Concerns When Choosing a Tech Stack for Your Personal Website,0.0,top concern when choos a tech stack for your person websit
https://radreads.co/perishable-wealth/,Real Wealth Is Perishable,0.0,real wealth Is perish
https://www.ucl.ac.uk/news/2020/jun/declining-eyesight-improved-looking-deep-red-light?fbclid,Declining eyesight improved by looking at deep red light,1.0,declin eyesight improv by look at deep red light
https://github.com/msal4/persist,I wrote a key-value pair storage package in Go,1.0,I wrote a key valu pair storag packag in Go
https://www.techdirt.com/articles/20200622/17004044763/terrible-dangerous-earn-it-act-set-to-move-forward-senate-attack-both-encryption-free-speech-online.shtml,EARN-IT Act Set to Move Forward in the Senate,0.0,earn it act set to move forward in the senat
https://eregon.me/blog/2020/06/27/ruby-spec-compatibility-report.html,The Ruby Spec Suite Compatibility Report,0.0,the rubi spec suit compat report
https://www.teslarati.com/tesla-cybertruck-amphibious-mode-elon-musk-realistic/,Elon Musk teases about the cybertruck possibly being Amphibious,1.0,elon musk teas about the cybertruck possibl be amphibi
https://hbr.org/2020/06/why-now-is-the-time-for-open-innovation,Open Innovation,0.0,open innov
https://techcrunch.com/2020/06/30/cmu-researchers-develop-a-an-automatic-politeness-engine-for-text-based-communications/,Automatic Politeness Engine,1.0,automat polit engin
https://technology.riotgames.com/news/valorant-shaders-and-gameplay-clarity,Valorant Shaders and Gameplay Clarity,0.0,valor shader and gameplay clariti
https://joeyhoer.com/attributes-vs-categories-6f3c9bab,Attributes vs. Categories (2016),0.0,attribut vs categori
https://www.propublica.org/article/how-north-carolina-transformed-itself-into-the-worst-state-to-be-unemployed,North Carolina Transformed Itself into the Worst State to Be Unemployed,0.0,north carolina transform itself into the worst state to Be unemploy
https://medium.com/linear-app/practices-for-building-linear-is-now-open-for-all-234f7cf9a3d0,Practices for Building – Linear is now open for all,0.0,practic for build linear is now open for all
https://www.theatlantic.com/politics/archive/2013/04/the-war-on-drugs-is-far-more-immoral-than-most-drug-use/274651/,The War on Drugs Is Far More Immoral Than Most Drug Use (2013),0.0,the war on drug Is far more immor than most drug use
https://www.wsj.com/articles/how-to-get-a-big-break-on-the-cost-of-college-just-ask-11593440265,How to Get a Big Break on the Cost of College: Just Ask,1.0,how to get a big break on the cost of colleg just ask
https://disrn.com/news/astronomers-baffled-by-unexplained-disappearance-of-massive-star,Astronomers baffled by unexplained disappearance of star,1.0,astronom baffl by unexplain disappear of star
https://www.winemag.com/2020/06/04/wine-diurnal-range/,The Climate Phenomenon That Produces Wines with ‘Electric Acidity’,0.0,the climat phenomenon that produc wine with electr acid
http://oncars.blogspot.com/2016/05/never-buy-tire-without-knowing-date-of.html,Never buy a tire without knowing date of manufacture: how to determine that date,0.0,never buy a tire without know date of manufactur how to determin that date
https://inside.java/2020/06/29/new-loom-ea-build/,JDK project Loom Early acces build,0.0,jdk project loom earli acc build
https://www.nbcnews.com/news/ncna1018646,"China forcefully harvests organs from detainees, tribunal concludes (2019)",1.0,china forc harvest organ from detaine tribun conclud
https://www.fcc.gov/document/fcc-designates-huawei-and-zte-national-security-threats,FCC Designates Huawei and ZTE as National Security Threats,0.0,fcc design huawei and zte as nation secur threat
http://www.convexitymaven.com/images/Convexity_Maven_With_A_Mighty_Hand.pdf,With a Mighty Hand and an Outstretched Arm [pdf],0.0,with a mighti hand and an outstretch arm pdf
https://labs.bishopfox.com/tech-blog/breaking-https-in-the-iot,Breaking HTTPS in the IoT: Practical Attacks for Reverse Engineers,1.0,break http in the iot practic attack for revers engin
https://phys.org/news/2020-06-quantum-fridge-superposing-events.html,Quantum fridge works by superposing the order of events,1.0,quantum fridg work by superpos the order of event
https://www.ft.com/content/7c466351-02fe-4d66-85a1-53d012de7445,Wirecard’s real business relied on small number of customers,1.0,wirecard s real busi reli on small number of custom
https://appfigures.com/resources/aso/aso-teardown-grubhub,ASO Teardown: Grubhub Earns Our First Ever A+,0.0,aso teardown grubhub earn our first ever A
https://bojanvidanovic.com/posts/my-static-website-updates-in-2020/,My static website updates in 2020,0.0,My static websit updat in
https://www.cbc.ca/radio/day6/policing-and-mental-health-reform-k-pop-fans-get-political-bill-browder-on-putin-summer-reads-and-more-1.5626684/by-this-time-next-week-vladimir-putin-will-probably-be-president-for-life-says-bill-browder-1.5626696,"By this time next week, Vladimir Putin will probably be president for life",1.0,By thi time next week vladimir putin will probabl be presid for life
https://www.dovepress.com/pre-race-sleep-management-strategy-and-chronotype-of-offshore-solo-sai-peer-reviewed-fulltext-article-NSS,Pre-Race Sleep Management Strategy and Chronotype of Offshore Solo Sailors,0.0,pre rac sleep manag strategi and chronotyp of offshor solo sailor
https://davidwalsh.name/javascript-in-svgs,JavaScript in SVGs,0.0,javascript in svg
https://m.twitch.tv/thedynamodbguy,TheDynamoDBGuy – Live Q&A,0.0,thedynamodbguy live Q A
https://www.hellosign.com/blog/hellosign-goes-global,HelloSign Goes Global,0.0,hellosign goe global
https://github.com/final-form/react-final-form/issues/822,Reconsider Use of Scarf,1.0,reconsid use of scarf
https://blog.google/inside-google/infrastructure/how-data-center-security-works/,"One percent of Googlers get to visit a data center, but I did",0.0,one percent of googler get to visit a data center but I did
https://medium.com/@descrepes/how-zenko-help-us-on-our-journey-to-cloud-agnosticity-7ff108dd630,Zenko help us on our journey to cloud agnosticity,0.0,zenko help us on our journey to cloud agnost
https://www.forbes.com/sites/davidjeans/2020/06/29/fivetran-cloud-andreessen-horowitz-general-catalyst/#46bf54b87a03,Fivetran Is the Cloud’s Newest Unicorn with $1.2B Valuation,0.0,fivetran Is the cloud s newest unicorn with b valuat
https://www.obvibase.com/dev-blog/how-obvibase-uses-web-workers,How TS compiler API helps us use web workers while staying type-safe and modular,0.0,how TS compil api help us use web worker while stay type saf and modular
https://konghq.com/blog/kuma-0-6-0-released-with-hybrid-universal-support-for-service-mesh/,Kuma Donated to CNCF,0.0,kuma donat to cncf
https://www.prnewswire.com/news-releases/my-management-llc-warns-high-rank-memphis-city-officials-of-imminent-housing-crash-301084380.html,Management Company Warns Memphis Officials of Housing Crisis,1.0,manag compani warn memphi offici of hous crisi
https://www.searchenginejournal.com/keen/372579/,Google Creates a New Source of Traffic with Keen,0.0,googl creat a new sourc of traffic with keen
https://syncedreview.com/2020/06/30/is-your-business-ready-for-the-second-wave-lessons-from-the-chinese-ai-industrys-fight-against-covid-19/,Lessons from the Chinese AI Industry’s Fight Against Covid-19,0.0,lesson from the chines AI industri s fight against covid
https://technomancy.us/192,Making the Fennel compiler self-hosting with another compiler,0.0,make the fennel compil self host with anoth compil
https://techcrunch.com/2020/06/30/amazon-web-services-launches-a-dedicated-aerospace-and-satellite-business/,Amazon Web Services launches a dedicated aerospace and satellite business,1.0,amazon web servic launch a dedic aerospac and satellit busi
https://arstechnica.com/tech-policy/2020/06/detroit-police-chief-admits-facial-recognition-is-wrong-96-of-the-time/,Detroit police chief admits facial recognition is wrong “96% of the time”,1.0,detroit polic chief admit facial recognit is wrong of the time
https://www.androidpolice.com/2020/06/30/nearby-sharing-androids-airdrop-competitor-is-rolling-out-now-in-beta/,Nearby Sharing – Android's AirDrop competitor – is rolling out now in beta,1.0,nearbi share android s airdrop competitor is roll out now in beta
http://kvark.github.io/tech/arguments/2020/06/30/technical-discussions.html,Missing Structure in Technical Discussions,0.0,miss structur in technic discuss
https://twitter.com/stroughtonsmith/status/1277628592458006528,Year old iPad runs x86_64 in emulation faster than the Surface natively,1.0,year old ipad run x in emul faster than the surfac nativ
https://twitter.com/neckarvalue/status/1277632097478488065,Bloomberg,0.0,bloomberg
https://www.pulumi.com/docs/guides/crosswalk/aws/lambda/,AWS Lambda and Serverless Events – Pulumi,0.0,aw lambda and serverless event pulumi
https://www.prnewswire.com/news-releases/memphis-apartment-management-company-offers-discounted-rent-for-its-residents-and-move-in-specials-for-future-residents-301060553.html,Discounted Rent Special,0.0,discount rent special
http://esr.ibiblio.org/?p=8720,A user story about user stories,0.0,A user stori about user stori
https://imply.io/post/clickstream-funnel-analysis-with-apache-druid,Clickstream Funnel Analysis with Apache Druid,0.0,clickstream funnel analysi with apach druid
https://techcrunch.com/2020/06/29/disney-research-neural-face-swapping-technique-can-provide-photorealistic-high-resolution-video/,Disney Research neural face-swapping technique can provide photorealistic video,0.0,disney research neural face swap techniqu can provid photorealist video
https://medium.com/gretel-ai/gretel-synthetics-version-0-10-0-fa77e960ecc8,Protect user privacy and build with Synthetic data,0.0,protect user privaci and build with synthet data
https://philippcannons.com/three-ways-to-build-a-product-from-scratch/,How to Build a Product from Scratch,0.0,how to build a product from scratch
https://www.microsoft.com/en-us/research/blog/newly-discovered-principle-reveals-how-adversarial-training-can-perform-robust-deep-learning/,How adversarial training can perform robust deep learning,1.0,how adversari train can perform robust deep learn
https://tedsf.org/economic-woes-fait-accompli-for-superstitious-mnangagwa-regime/,Economic woes fait accompli for superstitious Mnangagwa regime,0.0,econom woe fait accompli for superstiti mnangagwa regim
https://v8.dev/features/weak-references,Weak References and Finalizers,0.0,weak refer and final
https://myslumberyard.com/blog/78-percent-of-americans-cant-put-their-phones-down/,78% of Americans Can’t Put Their Phones Down Before Bed,1.0,of american can t put their phone down befor bed
https://finance.yahoo.com/news/empower-retirement-acquire-personal-capital-113500170.html,Personal Capital Acquired by Empower,0.0,person capit acquir by empow
https://embeddedsecurity.io/,Embedded Systems Security and TrustZone,0.0,embed system secur and trustzon
https://marijnhaverbeke.nl/blog/codemirror-6-beta.html,CodeMirror 6 Enters Beta,0.0,codemirror enter beta
https://blog.c0nrad.io/hydrogen/,3D Electron Orbitals of Hydrogen,0.0,D electron orbit of hydrogen
https://www.quantamagazine.org/the-tricky-math-of-covid-19-herd-immunity-20200630/,The Tricky Math of Herd Immunity for Covid-19,0.0,the tricki math of herd immun for covid
https://www.planetary.org/explore/projects/planetary-defense/,"Asteroid Day, learn more about its threats to us",0.0,asteroid day learn more about it threat to us
https://www.crust.tech/crust-releases-version-2020-06-and-removes-paywall-for-all-products/,The open-source platform Crust releases version 2020.06 and removes paywall,1.0,the open sourc platform crust releas version and remov paywal
https://www.businessinsider.com/reddit-youtube-twitch-crack-down-on-trump-hate-speech-groups-2020-6,"Reddit, YouTube, and Twitch are taking major steps to crack down on hate speech",1.0,reddit youtub and twitch are take major step to crack down on hate speech
https://www.nature.com/articles/d41586-020-01795-7,Medical robotics in China: the rise of technology in three charts,0.0,medic robot in china the rise of technolog in three chart
https://www.biorxiv.org/content/10.1101/2020.05.07.082917v1.full.pdf,Reversing age: measurement of epigenetic age with a single clock [pdf],0.0,revers age measur of epigenet age with a singl clock pdf
https://a16z.com/2020/06/30/investing-in-material-security/,a16z invests in Material Security,0.0,a z invest in materi secur
https://www.nytimes.com/2020/06/30/science/how-coronavirus-spreads.html,Most People with Coronavirus Won’t Spread It. Why Do a Few Infect Many?,0.0,most peopl with coronaviru won t spread It whi Do a few infect mani
https://onezero.medium.com/peter-w-singer-explains-why-his-robot-revolution-is-inevitable-2b858a68151f,Peter W. Singer on Why His ‘Robot Revolution’ Is Inevitable,1.0,peter W singer on whi hi robot revolut Is inevit
http://www.strike.coop/bullshit-jobs/,On the Phenomenon of Bullshit Jobs,1.0,On the phenomenon of bullshit job
https://www.wpri.com/news/us-and-world/siri-im-getting-pulled-over-iphone-shortcut-records-police-encounters/,"‘Siri, I’m getting pulled over’",1.0,siri I m get pull over
https://darekkay.com/tips/firefox-context-menu/,Quick Tip – Bypass a blocked context menu in Firefox,0.0,quick tip bypass a block context menu in firefox
https://cloud.google.com/blog/products/g-suite/introducing-some-new-meet-features,"Coming to Google Meet: Customizable backgrounds, Nest integration, and more",0.0,come to googl meet customiz background nest integr and more
https://www.intercom.com/blog/product-judgment/,Product Judgment: How some people can repeatedly create product success,0.0,product judgment how some peopl can repeatedli creat product success
https://blog.discord.com/your-place-to-talk-a7ffa19b901b,Discord shifting branding to be less gaming specific,1.0,discord shift brand to be less game specif
https://ofdollarsanddata.com/why-is-gold-valuable/,Why Is Gold Valuable?,1.0,whi Is gold valuabl
https://www.computing.co.uk/feature/4017118/at2-answer-cryptocurrency-energy-performance,Could AT2 be the answer to cryptocurrency's energy and performance problems?,0.0,could at be the answer to cryptocurr s energi and perform problem
https://support.google.com/chrome/thread/51665301,Chrome – How do I remove the puzzle piece?,0.0,chrome how do I remov the puzzl piec
https://lwn.net/SubscriberLink/824029/2072e34286fa1916/,Zephyr embedded OS release 4.0,0.0,zephyr embed OS releas
https://ismyphoneonrightnow.com/,Is My Phone On?,1.0,Is My phone On
http://jaysonlusk.com/blog/2020/6/17/domestic-meat-shortages-and-exports,Domestic Meat Shortages and Exports,0.0,domest meat shortag and export
https://medium.com/@rayegallo/equity-compensation-has-the-promise-of-wealth-become-illusory-3d8da32af2ff,Equity Compensation – Has the Promise of Wealth Become Illusory?,1.0,equiti compens ha the promis of wealth becom illusori
https://edition.cnn.com/2020/06/29/business/cirque-du-soleil-bankruptcy/index.html,"Cirque du Soleil files for bankruptcy and cuts 3,500 jobs",0.0,cirqu du soleil file for bankruptci and cut job
https://torrentfreak.com/eff-heavyweight-legal-team-will-defend-internet-archives-digital-library-against-publishers-200626/,EFF and Heavyweight Legal Team Will Defend Internet Archive Against Publishers,0.0,eff and heavyweight legal team will defend internet archiv against publish
https://www.nfx.com/post/how-contrarians-think-with-keith-rabois/,"Contrarians Think: The Early Days of Square, Yelp and PayPal with Keith Rabois",0.0,contrarian think the earli day of squar yelp and paypal with keith raboi
https://web.dev/how-to-file-a-good-bug/,How to file a good browser bug,0.0,how to file a good browser bug
https://www.vanmoof.com/blog/en/the-truth-hurts-how-vanmoof-got-banned-from-french-tv,The truth hurts: how VanMoof got banned from French TV,0.0,the truth hurt how vanmoof got ban from french TV
https://www.etymonline.com/columns/post/dante%27s-peek,Dante's Peek,0.0,dant s peek
https://blog.garrytan.com/how-postels-law-enabled-the-proto-internet-and-set-the-culture-for-the-future-of-humanity,Postel's Law enabled the proto-Internet,0.0,postel s law enabl the proto internet
https://www.sciencedaily.com/releases/2020/06/200623145341.htm,Deep Drone Acrobatics,0.0,deep drone acrobat
https://www.macrumors.com/2020/06/25/tiktok-clipboard-access-ios-14-caught/,TikTok App to Stop Accessing User Clipboards After Being Caught in the Act,1.0,tiktok app to stop access user clipboard after be caught in the act
https://codeburst.io/what-is-prototype-pollution-49482fc4b638,What is prototype pollution in JavaScript?,0.0,what is prototyp pollut in javascript
https://kevq.uk/email-is-not-broken/,Email Is Not Broken,1.0,email Is not broken
https://www.firstbeat.com/en/news/firstbeat-technologies-renews-focus-on-corporate-wellness-and-sports-as-firstbeat-licensing-business-is-acquired-by-garmin/,Garmin Acquired Firstbeat Analytics,0.0,garmin acquir firstbeat analyt
https://www.anandtech.com/show/15884/qualcomm-announces-new-snapdragon-wear-4100-4100-12nm-a53-smartwatches,Qualcomm Announces New Snapdragon Wear 4100 and 4100: 12nm A53 Smartwatches,1.0,qualcomm announc new snapdragon wear and nm a smartwatch
https://madhash.telekinesis.cloud/,"Show HN: Funny, Human-Memorable SHA-256 Fingerprints",0.0,show HN funni human memor sha fingerprint
https://www.dpreview.com/news/4101880333/a-decade-of-sun-nasa-captured-425-million-photos-of-the-sun-and-made-a-time-lapse,Decade of sun: NASA captured 425M photos of the sun and made a time lapse,0.0,decad of sun nasa captur m photo of the sun and made a time laps
https://hongkongfp.com/2020/06/30/breaking-hong-kong-security-law-revealed-violators-may-face-life-imprisonment/,Hong Kong security law revealed – violators may face life imprisonment,1.0,hong kong secur law reveal violat may face life imprison
https://spectrum.ieee.org/aerospace/aviation/no-propeller-no-problem-this-blimp-flies-on-buoyancy-alone,No Propeller? No Problem. This Blimp Flies on Buoyancy Alone,0.0,No propel No problem thi blimp fli on buoyanc alon
https://status.discord.com/,Discord Down,0.0,discord down
https://www.wsj.com/articles/amazon-launches-space-push-to-drive-cloud-computing-growth-11593489660,Amazon Launches Space Push to Drive Cloud-Computing Growth,0.0,amazon launch space push to drive cloud comput growth
https://dev.to/promode/how-to-handle-proxy-in-selenium-with-demo-5001,How to Handle Proxy in Selenium(With Demo)?,0.0,how to handl proxi in selenium with demo
https://www.cardgames.cards/,Show HN: Real-time card game app,1.0,show HN real tim card game app
https://medium.com/leaningtech/jsexport-cpp-in-the-browser-made-easy-710b2982046e,JSExport: C++ in the Browser Made Easy,1.0,jsexport c in the browser made easi
http://patchgirl.io,Show HN: PatchGirl – Easily test your API by playing scenario of HTTP requests,0.0,show HN patchgirl easili test your api by play scenario of http request
https://cloudnuke.io,Show HN: Cloud Nuke-Safely delete AWS resources in 3 clicks,0.0,show HN cloud nuke saf delet aw resourc in click
https://arstechnica.com/features/2020/06/human-interface-come-on-a-tour-of-an-f-15c-fighter-jet-cockpit/,Human Interface: What (almost) every button in an F-15C fighter’s cockpit does,0.0,human interfac what almost everi button in an f c fighter s cockpit doe
https://randallkanna.com/the-standout-developer/,Show HN: My book on breaking into the software development industry,1.0,show HN My book on break into the softwar develop industri
https://github.com/sequelpro/sequelpro/issues/3705,Future of Sequel Pro,0.0,futur of sequel pro
https://blog.google/products/hardware/focus-helpful-devices-google-acquires-north/,Google Acquires North,0.0,googl acquir north
https://www.theguardian.com/environment/2020/jun/30/likelihood-of-40c-temperatures-in-uk-is-rapidly-accelerating,Likelihood of 40C temperatures in UK is ‘rapidly accelerating’,1.0,likelihood of c temperatur in UK is rapidli acceler
https://www.bybrand.io/blog/pricing-update-for-new-customers/,Presenting the use-based pricing model at Bybrand,1.0,present the use bas price model at bybrand
https://www.youtube.com/watch?v=Iaw4n9IZDdc,How Did China Succeed? – Joseph E. Stiglitz,0.0,how did china succe joseph E stiglitz
https://austingwalters.com/on-committing-suicide/,On Committing Suicide,0.0,On commit suicid
https://en.wikipedia.org/wiki/Rule_of_72,Rule of 72,0.0,rule of
https://www.encode.io/articles/python-async-frameworks-beyond-developer-tribalism,Python async frameworks – Beyond developer tribalism,0.0,python async framework beyond develop tribal
https://www.inverse.com/science/scientists-identify-a-swine-flu-virus-with-pandemic-potential,Scientists explain the new swine flu virus with pandemic potential,0.0,scientist explain the new swine flu viru with pandem potenti
https://www.deepsouthventures.com/must-ride-mule-to-from-work-location/,Must ride mule to and from work location,0.0,must ride mule to and from work locat
https://gritlist.co/responsibility,You Are 100% Responsible,0.0,you are respons
https://hackaday.com/2020/06/29/updating-the-language-of-spi-pin-labels-to-remove-casual-references-to-slavery/,Updating the Language of SPI Pin Labels to Remove Casual References to Slavery,0.0,updat the languag of spi pin label to remov casual refer to slaveri
https://v8.dev/blog/v8-release-84,V8-8.4 Release,0.0,v releas
https://greenfleet.net/news/30062020/nordic-firm-bring-and-posten-trial-volta-zero-electric-truck,Nordic firm Bring and Posten to trial Volta Zero electric truck,1.0,nordic firm bring and posten to trial volta zero electr truck
https://www.wsj.com/articles/microsoft-aims-to-train-25-million-workers-free-in-2020-11593529201,Microsoft Aims to Train 25M Workers Free in 2020,1.0,microsoft aim to train m worker free in
https://www.coindesk.com/why-the-stock-to-flow-bitcoin-valuation-model-is-wrong,Why the Stock-to-Flow Bitcoin Valuation Model Is Wrong,1.0,whi the stock to flow bitcoin valuat model Is wrong
https://www.staticgen.com/,StaticGen – Top Open Source Static Site Generators,0.0,staticgen top open sourc static site gener
https://www.getspellbook.dev,Show HN: Spellbook – Evernote integrated right into your IDE,0.0,show HN spellbook evernot integr right into your ide
https://www.quora.com/What-is-Jeff-Bezos-%E2%80%9CDay-1%E2%80%9D-philosophy/answer/Brian-Roemmele?share=1,“Day 1” Philosophy,0.0,day philosophi
https://avikdas.com/2020/06/30/scalability-concepts-zero-downtime-deployments.html,Scalability concepts: zero-downtime deployments,0.0,scalabl concept zero downtim deploy
https://www.bbc.co.uk/news/uk-53219331,Rental e-scooters to be made legal on UK roads from Saturday,1.0,rental e scoot to be made legal on UK road from saturday
https://www.theatlantic.com/ideas/archive/2020/06/close-racial-wealth-gap-baby-bonds/613525/,"A Cheap, Race-Neutral Way to Close the Racial Wealth Gap",1.0,A cheap race neutr way to close the racial wealth gap
https://objectbox.io/time-series-database/,Time series and objects: hybrid DB,1.0,time seri and object hybrid DB
https://www.npmjs.com/package/rss-url-parser,Show HN: RSS-url-parser – A Node.js module to convert an RSS feed to an array,0.0,show HN rss url pars A node j modul to convert an rss feed to an array
https://www.siasat.com/create-your-digital-avatar-facebook-india-1916332/,Create your digital avatar on Facebook in India,0.0,creat your digit avatar on facebook in india
https://marcobonvini.com/modelica/2020/06/29/all-about-modelica.html,All about Modelica: An equation-based language for modeling physical systems,1.0,all about modelica An equation bas languag for model physic system
https://spin.atomicobject.com/2020/06/30/design-thinking-how-can-i-help/#.XvtUEzmK6UQ.hackernews,Design Thinking Toolkit – How Can I Help?,1.0,design think toolkit how can I help
https://www.zebrium.com/blog/structure-is-strategic,Structure Is Strategic,1.0,structur Is strateg
https://cacm.acm.org/careers/244713-facial-recognition-software-predicts-criminality-researchers-say/fulltext#.XvseIZbdYvg.facebook,"Facial Recognition Software Predicts Criminality, Researchers Say",1.0,facial recognit softwar predict crimin research say
https://leimao.github.io/blog/Heisenberg-Uncertainty-Principle/,Heisenberg's Uncertainty Principle,1.0,heisenberg s uncertainti principl
https://interestingengineering.com/you-may-not-get-a-new-charger-with-your-iphone-this-year,You May Not Get a New Charger with Your iPhone This Year,1.0,you may not get a new charger with your iphon thi year
https://beta.deepnote.com/article/multioutput-classification-scikit-learn-clean-noise-from-pictures,Train models to clean noise from pictures,1.0,train model to clean nois from pictur
https://www.zdnet.com/article/baidu-joins-open-invention-network-linux-patent-protection-group/,Baidu joins Open Invention Network Linux patent protection group,0.0,baidu join open invent network linux patent protect group
https://adamfard.com/blog/ux-writing,Introduction to UX Writing,0.0,introduct to UX write
https://www.tus.ac.jp/en/mediarelations/archive/20200630_0202.html,No Keys to the Kingdom: New Single Sign-On Algorithm Provides Superior Privacy,1.0,No key to the kingdom new singl sign on algorithm provid superior privaci
https://www.forbes.com/sites/davidhambling/2020/06/29/mystery-unmanned-craft-seen-off-florida-may-be-sharc-spy-vessel/#247902cb4872,Mystery Unmanned Craft Seen Off Florida May Be Secret Sharc Spy Vessel,0.0,mysteri unman craft seen off florida may Be secret sharc spi vessel
https://www.linebyline.app,Builds taking too long? Memorize a poem while you wait,0.0,build take too long memor a poem while you wait
https://www.classcentral.com/report/udacity-china-shuts-down/,Udacity China to Shutdown,1.0,udac china to shutdown
https://www.asyncapi.com/blog/status-update-27-20/,"AsyncAPI Initiative Status Update (week 27, 2020)",0.0,asyncapi initi statu updat week
https://www.blameless.com/blog/twitters-reliability-journey,Twitter’s Reliability Journey,0.0,twitter s reliabl journey
https://www.edge-ai-vision.com/2020/06/khronos-steps-towards-widespread-deployment-of-sycl-with-release-of-sycl-2020-provisional-specification/,Khronos Release of SYCL 2020 Provisional Spec,0.0,khrono releas of sycl provision spec
https://downloadcenter.intel.com/download/29674,Intel Graphics Unlocked Drivers,0.0,intel graphic unlock driver
https://cubicle6.com/rebootstrap/,"Show HN: Reboostrap – fresh, free themes for Bootstrap",0.0,show HN reboostrap fresh free theme for bootstrap
https://www.nytimes.com/2020/06/30/us/coronavirus-california-cases-rising.html,What to Know About California’s ‘Dimmer Switch’ Reopening,0.0,what to know about california s dimmer switch reopen
https://www.cnbc.com/2020/06/30/carl-reiner-comedy-legend-dead-at-98.html,"Carl Reiner, comedy legend and director of ‘The Jerk,’ dead at 98",0.0,carl reiner comedi legend and director of the jerk dead at
https://news.ycombinator.com/from?site=24hourhomepage.com,"Show HN: 24hourhomepage.com – Own the day: 86400 seconds, one giant story",1.0,show HN hourhomepage com own the day second one giant stori
http://studios.disneyresearch.com/2020/06/29/high-resolution-neural-face-swapping-for-visual-effects/,High-Resolution Neural Face Swapping for Visual Effects,1.0,high resolut neural face swap for visual effect
https://www.modernretail.co/startups/how-stitch-fix-built-a-culture-of-silence-among-stylists/,Stitch Fix built a culture of silence among stylists,0.0,stitch fix built a cultur of silenc among stylist
https://www.git-tower.com/blog/tower-mac-5/,Tower 5.0,0.0,tower
https://www.anandtech.com/show/15888/400-tb-storage-drives-in-our-future-fujifilm,400 TB Storage Drives in Our Future: Fujifilm,1.0,TB storag drive in our futur fujifilm
https://www.propublica.org/article/how-dollar-stores-became-magnets-for-crime-and-killing,Dollar Stores Became Magnets for Crime and Killing,1.0,dollar store becam magnet for crime and kill
https://capitalandgrowth.org/answers/3231378/Are-Build-a-Profitable-Business-on-Amazon-courses-like-NineUniversity-Jungle-Scout-a-scam,"Are “Build a Business on Amazon” courses like 9 University, Jungle Scout a scam?",,are build a busi on amazon cours like univers jungl scout a scam
https://convabout.com,Show HN: Convabout – Chat on a Topic,0.0,show HN convabout chat on a topic
https://www.strongtowns.org/journal/2020/6/5/inefficient-but-smart,"Inefficient, but Smart",0.0,ineffici but smart
https://medium.com/@peppesilletti/the-freelance-software-developers-limbo-from-freelancer-to-agency-761c91848f53,The freelance software developer’s limbo: from freelancer to agency,0.0,the freelanc softwar develop s limbo from freelanc to agenc
https://goodbetterbest.substack.com/,Peloton Is Pivoting from Hardware to Content,0.0,peloton Is pivot from hardwar to content
https://directorsblog.nih.gov/2020/06/30/finding-antibodies-that-neutralize-sars-cov-2/,Finding antibodies that neutralize the coronavirus that causes COVID-19,0.0,find antibodi that neutral the coronaviru that caus covid
https://bostonreview.net/science-nature/jeremy-greene-dora-vargha-how-epidemics-end,How Epidemics End,1.0,how epidem end
https://www.dominodatalab.com/blog/4-ways-to-successfully-scale-machine-learning/,Ways to Scale Machine Learning,1.0,way to scale machin learn
https://www.businessinsider.com/uber-acquisition-talks-with-postmates-2020-6,Uber offers $2.6B to buy rival Postmate,0.0,uber offer b to buy rival postmat
https://hacks.mozilla.org/2017/10/the-whole-web-at-maximum-fps-how-webrender-gets-rid-of-jank/,The whole web at maximum FPS: How WebRender gets rid of jank,0.0,the whole web at maximum fp how webrend get rid of jank
https://www.nytimes.com/2020/06/26/realestate/could-doomsday-bunkers-become-the-new-normal.html,Doomsday bunker companies enjoying big increase in business since pandemic began,0.0,doomsday bunker compani enjoy big increas in busi sinc pandem began
https://blog.phuaxueyong.com/post/2020-06-21-how-to-create-your-own-medium-site-part-2/,How to create your own site with static site generator,0.0,how to creat your own site with static site gener
https://medium.com/@ArticlesOfUnity/the-articles-of-unity-f544f930d336,The Articles of Unity,0.0,the articl of uniti
https://www.handz.design/,H A N D Z – free 3D illustration library,0.0,H A N D Z free D illustr librari
https://kvark.github.io/webgpu-debate/SPIR-V.component.html,Reconstructed debate about accepting SPIR-V in WebGPU,0.0,reconstruct debat about accept spir v in webgpu
https://newsroom.garmin.com/newsroom/press-release-details/2020/Garmin-acquires-Firstbeat-Analytics-a-leading-provider-of-physiological-analytics-for-health-fitness-and-performance/default.aspx,Garmin Acquires Firstbeat Analytics,0.0,garmin acquir firstbeat analyt
https://fruty.io/2020/06/30/using-ai-pytorch-to-optimize-1-eu-airport-post-covid-re-opening/,Using AI (Pytorch) to Optimize #1 EU Airport Post-Covid Re-Opening,1.0,use AI pytorch to optim EU airport post covid re open
https://blog.sentienhq.com/the-story-of-sentien-part-iii/,Show HN: You can learn to build your own hardware with zero prior experience,1.0,show HN you can learn to build your own hardwar with zero prior experi
https://arstechnica.com/gadgets/2020/06/developers-leak-benchmarks-from-the-apple-silicon-mac-transition-kit/,Developers leak benchmarks from the Apple silicon Mac transition kit,1.0,develop leak benchmark from the appl silicon mac transit kit
https://twitter.com/dhh/status/1277805249147752449,Anonymous account adds Hey to spam list,1.0,anonym account add hey to spam list
https://www.debugbear.com/blog/counting-chrome-extensions,Counting Chrome Extensions – Statistics on the Chrome Web Store,0.0,count chrome extens statist on the chrome web store
https://lifebeyond.one/blogs/tech-impact/what-people-in-the-tech-industry-are-saying-about-my-self-reflection-book,What people in tech are saying about this self-reflection book,0.0,what peopl in tech are say about thi self reflect book
https://en.wikipedia.org/wiki/Cadaver_Synod,Cadaver Synod,0.0,cadav synod
https://about.fb.com/news/2020/06/prioritizing-original-news-reporting-on-facebook/,Prioritizing Original News Reporting on Facebook,0.0,priorit origin new report on facebook
https://www.espn.com/mlb/story/_/id/29369890/inside-rise-mlb-ivy-league-culture-stunning-numbers-question-next,The Rise of MLBs Ivy League Culture,0.0,the rise of mlb ivi leagu cultur
https://www.roadtovr.com/facebook-folded-holographic-optics-thinnest-vr-display-glasses/,Facebook Develops VR Glasses with Folded Holographic Optics,1.0,facebook develop VR glass with fold holograph optic
https://quillette.com/2020/06/30/on-behalf-of-environmentalists-i-apologize-for-the-climate-scare/,"On Behalf of Environmentalists, I Apologize for the Climate Scare",1.0,On behalf of environmentalist I apolog for the climat scare
https://www.scientificamerican.com/article/why-do-smells-trigger-memories1/,Why Do Smells Trigger Memories?,1.0,whi Do smell trigger memori
https://buildfaster.co,Show HN: HTML themes made easier than ever,0.0,show HN html theme made easier than ever
https://www.scientificamerican.com/article/what-if-doctors-stopped-prescribing-weight-loss/,What If Doctors Stopped Prescribing Weight Loss?,1.0,what If doctor stop prescrib weight loss
http://rail.eecs.berkeley.edu/deeprlcourse/,UC Berkeley CS 285 – Deep Reinforcement Learning,1.0,UC berkeley CS deep reinforc learn
https://tech.newstatesman.com/security/australia-new-cyber-spies,Australia to spend $1bn on 500 new cyber spies,1.0,australia to spend bn on new cyber spi
https://opensource.com/article/20/6/api-copyright,Should API-restricting licenses qualify as open source?,0.0,should api restrict licens qualifi as open sourc
https://www.iafrikan.com/2020/06/30/do-we-really-own-our-digital-possessions/,We don't own the digital possessions that we buy online,1.0,We do n t own the digit possess that we buy onlin
https://cryptolens.io/2020/06/activating-large-number-of-employees-when-licensing-software-to-larger-clients-b2b/,Activating large number of employees when licensing software to larger clients,0.0,activ larg number of employe when licens softwar to larger client
https://bauns.net/,Show HN: Dashboard to Manage and Monitor AWS SES Bounces/Deliveries/Complaints,0.0,show HN dashboard to manag and monitor aw se bounces deliveries complaint
http://mail-index.netbsd.org/current-users/2020/06/30/msg039031.html,Pkgsrc-2020Q2 released,0.0,pkgsrc q releas
https://www.sciencealert.com/researchers-identify-a-new-swine-flu-that-has-pandemic-potential,A New Swine Flu Strain with 'Pandemic Potential' Has Been Identified in China,0.0,A new swine flu strain with pandem potenti ha been identifi in china
http://cushychicken.github.io/python-guis-for-heretics/,Writing Simple Python GUIs for Command-Line-Phobe Coworkers,0.0,write simpl python gui for command line phob cowork
https://endler.dev/2020/rust-compile-times/,Tips for Faster Rust Compile Times,0.0,tip for faster rust compil time
https://www.thedrive.com/the-war-zone/34485/mysterious-wave-glider-vessel-spotted-off-florida-keys-has-electronic-intel-gathering-system,Mysterious Wave Glider Spotted Off Florida Keys Had Intel Gathering System,1.0,mysteri wave glider spot off florida key had intel gather system
https://en.wikipedia.org/wiki/Sam_Pa,Sam Pa,0.0,sam Pa
https://tantaman.com/2020-06-30-Think-for-Yourself-A-Meme/,When “Think for Yourself” is not “thinking for yourself”,0.0,when think for yourself is not think for yourself
https://papers.ssrn.com/sol3/papers.cfm?abstract_id=3490879,Celebrating Three Decades of Worldwide Stock Market Manipulation,1.0,celebr three decad of worldwid stock market manipul
https://slate.com/news-and-politics/2020/06/china-passes-secretive-new-hong-kong-national-security-law.html,Hong Kong Is Slipping Away,0.0,hong kong Is slip away
https://www.cato.org/blog/thomas-sowell-90,Thomas Sowell at 90,0.0,thoma sowel at
https://blog.pragmaticengineer.com/social-capital-on-the-dev-team/,Social Capital on the Dev Team,1.0,social capit on the dev team
https://palant.info/2020/06/22/exploiting-bitdefender-antivirus-rce-from-any-website/,Exploiting Bitdefender Antivirus: RCE from any website,1.0,exploit bitdefend antiviru rce from ani websit
https://www.reddit.com/r/uBlockOrigin/comments/hdz0bo/will_ublock_origin_back_to_macos_big_sur/fvoc7wk/,uBlock Origin still won’t be supported on Safari 14,1.0,ublock origin still won t be support on safari
https://www.wsj.com/articles/uber-in-talks-to-buy-postmates-for-about-2-6-billion-11593487498,Uber in Talks to Buy Postmates for About $2.6B,1.0,uber in talk to buy postmat for about b
https://medium.com/sentisum/revolut-vs-transferwise-ai-text-analysis-b5f2711bfb7e,Comparing Fintechs: AI-powered analysis of 30K customer reviews over Covid-19,1.0,compar fintech ai pow analysi of k custom review over covid
https://www.techinasia.com/buying-durians-livestream,Folks are buying durians from a livestream,1.0,folk are buy durian from a livestream
https://www.sciencemag.org/news/2021/04/malaria-vaccine-has-striking-early-success-after-decades-disappointment,Malaria vaccine has striking early success after decades of disappointment,1.0,malaria vaccin ha strike earli success after decad of disappoint
https://www.nytimes.com/2021/04/26/opinion/nyt-opinion-oped-redesign.html,Why the New York Times Is Retiring the Term ‘Op-Ed’,1.0,whi the new york time Is retir the term op
https://www.hedycode.com/,Hedy is a gradual programming language that helps kids to learn Python,1.0,hedi is a gradual program languag that help kid to learn python
https://techcrunch.com/2021/04/26/slaits-real-time-sign-language-translation-promises-more-accessible-online-communication/,SLAIT’s real-time sign language translation promises more accessible online communication,1.0,slait s real tim sign languag translat promis more access onlin commun
https://www.newyorker.com/culture/the-new-yorker-interview/peter-singer-is-committed-to-controversial-ideas,Peter Singer Is Committed to Controversial Ideas,0.0,peter singer Is commit to controversi idea
https://markodenic.com/css-tips/,CSS tips and tricks you won’t see in most of the tutorials,0.0,css tip and trick you won t see in most of the tutori
https://medium.com/building-brex/brex-premium-our-series-d-and-the-future-of-brex-as-all-in-one-finance-1ad40690edde,Brex is now valued at around 8B,0.0,brex is now valu at around B
https://support.zestful.com/en/articles/5104061-zestful-is-shutting-down,Zestful is shutting down on May 31st,0.0,zest is shut down on may st
https://www.extremetech.com/computing/322198-youtube-designed-its-own-video-transcoding-hardware,YouTube Designed Its Own Video Transcoding Hardware,1.0,youtub design it own video transcod hardwar
https://www.catch22.net/software/winspy,WinSpy – Select and view the properties of any window in the system,1.0,winspi select and view the properti of ani window in the system
https://nav.al/observed,We Explain the Seen in Terms of the Unseen,0.0,We explain the seen in term of the unseen
https://www.sciencemag.org/news/2021/04/sponges-can-crawl-it-costs-them-bits-their-bodies,"Sponges can crawl, but it costs them bits of their bodies – Science – AAAS",1.0,spong can crawl but it cost them bit of their bodi scienc aaa
https://techcrunch.com/2021/04/26/apples-app-tracking-transparency-feature-has-arrived-heres-what-you-need-to-know/,Apple’s App Tracking Transparency feature has arrived — here’s what you need to know,1.0,appl s app track transpar featur ha arriv here s what you need to know
https://www.core77.com/posts/108573/A-Storage-Cabinet-Based-on-the-IBM-2401,A Storage Cabinet Based on the IBM 2401,0.0,A storag cabinet base on the ibm
https://www.visualcapitalist.com/u-s-share-of-global-economy-over-time/,Visualizing the U.S. Share of the Global Economy over Time,1.0,visual the u s share of the global economi over time
https://uwekorn.com/2021/04/26/implications-of-pickling-ml-models.html,The implications of pickling ML models,1.0,the implic of pickl ML model
https://www.vinylrecorder.com/index-e.html,Stereo Vinylrecording – You can do,0.0,stereo vinylrecord you can do
https://nav.al/unseen,We Explain the Seen in Terms of the Unseen,1.0,We explain the seen in term of the unseen
https://www.ft.com/content/52dc058d-7a6d-4cd0-898e-84bd7f6806a7,US companies plan price rises as inflation pressure builds,1.0,US compani plan price rise as inflat pressur build
