url,title,prediction,Unnamed: 3
https://habr.com/ru/post/554320/,Дайджест свежих материалов из мира фронтенда за последнюю неделю №464 (19 — 25 апреля 2021),0.470968538173275,
https://habr.com/ru/post/554318/,"Не мокайте то, чем вы не владеете",0.30099694461839,
https://habr.com/ru/post/554316/,Добавляем PWA в Angular приложение,0.435422103296291,
https://habr.com/ru/post/500136/,Как вернуть былую славу 1С? (Make 1C Great Again),0.454608719059871,
https://habr.com/ru/post/554312/,Линейные лампы T5 в быту – отсталые технологии прошлого или…?,0.426948040068624,
https://habr.com/ru/post/554310/,Мясо из пробирки в меню заказывали?,0.568625575579662,
https://habr.com/ru/post/554308/,FOSS News №67 – дайджест материалов о свободном и открытом ПО за 19–25 апреля 2021 года,0.368103682183764,
https://habr.com/ru/post/554304/,Краткая история портативного Hi-Fi или как я стал аудиофилом,0.791151555349974,
https://habr.com/ru/post/554144/,Что такое алгоритм? Часть 101 «Эволюция поведения»,0.485298202557454,
https://habr.com/ru/post/554300/,Тулзы ручного тестировщика приложений на базе Windows,0.620719026898292,
https://habr.com/ru/post/550212/,"Интернет-мошенничество в регионе: почему раскрываемость низкая, а жертв все больше",0.551253589279678,
https://habr.com/ru/post/554270/,«Котовий брызгатрон» — или боевая турель против кота ^_^,0.531978623840654,
https://habr.com/ru/post/554066/,Яндекс.Маркет — темные паттерны монополии,0.454767371217977,
https://habr.com/ru/post/554002/,"Роскомнадзор vs «Билайн»: куры передохли, пришлите новый телескоп",0.489687655320282,
https://habr.com/ru/post/550088/,Собеседование в Яндекс: театр абсурда :/,0.513809873607251,
https://habr.com/ru/post/551218/,"Уважаемые рекрутеры, а вы не офигели?",0.382707108232063,
https://habr.com/ru/post/549820/,"Что делать, если украли смартфон",0.61449683847756,
https://habr.com/ru/news/t/554330/,"OneWeb с Восточного. Запуски года: 32 всего, 7 от России",0.442443392094718,
https://habr.com/ru/news/t/554306/,Российскую станцию полностью развернут на орбите не раньше 2035 года,0.562849140170555,
https://habr.com/ru/news/t/554262/,Марсианский вертолет «Индженьюити» успешно совершил третий полет,0.53469682170194,
https://habr.com/ru/news/t/554232/,Разработчики Миннесотского университета опубликовали открытое письмо с извинениями сообществу Linux,0.515169522204383,
https://habr.com/ru/news/t/554226/,Принципы работы AirTag: все особенности,0.519046001300932,
https://habr.com/ru/news/t/554220/,"Американские военные хотят, чтобы SpaceX создала миниатюрную антенну Starlink с батареей",0.55110530925154,
https://habr.com/ru/news/t/554198/,"Apple получила иск за бан аккаунта пользователя с контентом на нём стоимостью 24,5 тыс. $",0.667009912443838,
https://habr.com/ru/news/t/554168/,Новое поколение мягких роботов плавает почти в 800 раз быстрее,0.356903018565165,
https://habr.com/ru/news/t/554164/,У дельфинов мужского пола обнаружили представление о командной работе,0.393774645441723,
https://habr.com/ru/news/t/554162/,Американский мёд до сих пор радиоактивен из-за ядерных испытаний,0.321601164991041,
https://habr.com/ru/news/t/554152/,Найдена потенциальная замена опиоидам,0.475238236917123,
https://habr.com/ru/news/t/554146/,"Испанские исследователи оценили, как легко ИИ может повлиять на политические или романтические предпочтения",0.771221524482858,
https://habr.com/ru/news/t/554136/,"Совместимость, конфигурации и цвета: что не показала Apple на презентации",0.548019293874112,
https://habr.com/ru/news/t/554122/,Мыши продемонстрировали неожиданные способности к абстракции и делению объектов на категории,0.618268121901425,
https://habr.com/ru/news/t/554120/,"Ученые ИТМО разрабатывают лазерную «кисть», которой можно будет рисовать по металлу без краски",0.364909627682766,
https://habr.com/ru/news/t/554116/,РКН обвинил YouTube в цензуре СМИ и потребовал снять ограничения с канала Russia Today,0.580706102809792,
https://habr.com/ru/news/t/554110/,Журнал Consumer Reports проверил: автопилот Tesla работает с пустым водительским креслом,0.382193274027474,
https://habr.com/ru/news/t/554106/,Британский суд снял обвинения с 39 работников почты. Их ложно обвинили в краже из-за ошибки ПО,0.603694254708398,
https://habr.com/ru/news/t/554092/,Основатель турецкой криптобиржи Thodex сбежал с 2 млрд $,0.411417259565546,
https://habr.com/ru/news/t/554088/,Линус Торвальдс прокомментировал бан Миннесотского университета сообществом разработчиков Linux,0.407495868292802,
https://tjournal.ru/tv/373364-oskar-2021-obnovlyaemyy-material,«Оскар-2021»: обновляемый материал,0.323577132387709,
https://tjournal.ru/by/373312-tv-pro-pokushenie-na-lukashenko-zagovorshchiki-gotovili-vtorzhenie-iz-litvy-na-150-vnedorozhnikah-pulemetami,ТВ про «покушение» на Лукашенко: заговорщики готовили вторжение из Литвы на 150 внедорожниках пулеметами,0.604568285939567,
https://tjournal.ru/by/373311-o-totalnom-lesopovale-v-belarusi,О тотальном лесоповале в Беларуси,0.429635405006922,
https://tjournal.ru/news/373299-nikto-i-nikogda-ne-vernetsya-v-2006-god,Никто и никогда не вернётся в 2006 год,0.347725329652571,
https://tjournal.ru/music/373255-eksperiment-chitatelya-tj,Эксперимент читателя TJ,0.419301381188903,
https://tjournal.ru/news/373201-v-indonezii-nashli-propavshuyu-podlodku-ona-razvalilas-na-chasti-vse-chleny-ekipazha-pogibli,"В Индонезии нашли пропавшую подлодку — она развалилась на части, все члены экипажа погибли",0.562409913101014,
https://tjournal.ru/news/373185-minprosveshcheniya-proverit-vse-shkolnye-uchebniki-istorii-posle-kritiki-putina-on-schitaet-chto-tam-pishut-ne-pro-nas,"Минпросвещения проверит все школьные учебники истории после критики Путина — он считает, что там пишут «не про нас»",0.72897207200128,
https://tjournal.ru/news/373149-foto-v-indii-szhigayut-trupy-pogibshih-ot-koronavirusa,Фото: В Индии сжигают трупы погибших от коронавируса,0.380710391736485,
https://tjournal.ru/music/373170-lord,Лорд,0.429635405006922,
https://tjournal.ru/news/373157-zachem-rogozin-oproverg-peregovory-so-spacex-o-polete-rossiyskih-kosmonavtov-na-crew-dragon,«Зачем?»: Рогозин опроверг переговоры со SpaceX о полёте российских космонавтов на Crew Dragon,0.687485224300287,
https://tjournal.ru/analysis/372757-ot-lekcii-pro-kosmos-do-master-klassa-po-manikyuru-chto-mogut-ogranichit-po-zakonu-o-prosvetitelskoy-deyatelnosti,От лекции про космос до мастер-класса по маникюру: что могут ограничить по закону о просветительской деятельности,0.701799856715129,
https://tjournal.ru/news/373099-medvedev-ispravil-oshibku-v-kolonke-pro-otnosheniya-rossii-i-ssha-posle-togo-kak-na-nee-obratila-vnimanie-meduza,"Медведев исправил ошибку в колонке про отношения России и США после того, как на неё обратила внимание «Медуза»",0.289852867515248,
https://tjournal.ru/news/373031-putin-nagradil-zhirinovskogo-ordenom-za-zaslugi-pered-otechestvom-i-stepeni,Путин наградил Жириновского орденом «За заслуги перед Отечеством» I степени,0.375404102925759,
https://tjournal.ru/news/370018-v-chechne-synu-kadyrova-prisudili-pobedu-na-turnire-po-boksu-srazu-posle-togo-kak-ego-nachal-bit-sopernik,"В Чечне сыну Кадырова присудили победу на турнире по боксу — сразу после того, как его начал бить соперник",0.483543756013699,
https://tjournal.ru/u/133505-nikita-cheban/370493-moya-nebolshaya-kosmicheskaya-programma,Моя небольшая космическая программа,0.424132450533723,
https://tjournal.ru/u/453-zoibana/371761-4-mesyaca-s-macbook-pro-m1-bonus,4 месяца с Macbook Pro M1 + бонус,0.423866448023659,
https://tjournal.ru/stories/370209-otchayannye-bezbiletniki-kak-migranty-pryachutsya-v-otsekah-shassi-i-pochemu-eto-smertelno-opasno,Отчаянные безбилетники: как мигранты прячутся в отсеках шасси и почему это смертельно опасно,0.362543127371743,
https://tjournal.ru/news/372226-aleksey-navalnyy-obyavil-o-vyhode-iz-golodovki,Алексей Навальный объявил о выходе из голодовки,0.833394176406384,
https://tjournal.ru/internet/372941-v-nebraske-sotni-lyudey-pouchastvovali-v-bitve-dzhoshey-za-pravo-sohranit-imya-pobedil-pyatiletniy-dzhosh,В Небраске сотни людей поучаствовали в «битве Джошей» за право сохранить имя. Победил пятилетний Джош,0.361483240718617,
https://tjournal.ru/internet/370751-polzovateli-socsetey-zapodozrili-sayt-gosuslug-v-slive-dannyh-storonnikov-fbk,Пользователи соцсетей заподозрили сайт Госуслуг в сливе данных сторонников ФБК,0.441303942269944,
https://tjournal.ru/internet/372153-turist-zabludilsya-v-kaliforniyskom-lesu-ego-tochnoe-mestonahozhdenie-opredelil-entuziast-po-mylnomu-foto-nog,Турист заблудился в калифорнийском лесу. Его точное местонахождение определил энтузиаст по «мыльному» фото ног,0.568543765288621,
https://tjournal.ru/news/372885-mihaila-svetova-zaderzhali-posle-obyska-po-delu-dvuhletney-davnosti-k-nemu-ne-dopustili-advokata,Михаила Светова задержали после обыска по делу двухлетней давности. К нему не допустили адвоката,0.563175452650536,
https://tjournal.ru/news/370860-zelenskiy-predlozhil-putinu-vstretitsya-v-lyuboy-tochke-ukrainskogo-donbassa-gde-idet-voyna,"Зеленский предложил Путину встретиться «в любой точке украинского Донбасса, где идёт война»",0.57171388103826,
https://tjournal.ru/news/371054-pryamaya-translyaciya-protestnye-akcii-21-aprelya-v-den-poslaniya-putina,Прямая трансляция: Протестные акции 21 апреля — в день послания Путина,0.439112573974484,
https://tjournal.ru/internet/345482-poka-ne-prishel-chrome-istoriya-voyny-brauzerov-za-lyubov-polzovateley,Пока не пришёл Chrome: история войны браузеров за любовь пользователей,0.525718860069881,
https://tjournal.ru/science/371665-kaliforniyskie-uchenye-sozdali-plastik-kotoryy-polnostyu-razlagaetsya-v-vode-ili-kompostnoy-yame,"Калифорнийские учёные создали пластик, который полностью разлагается в воде или компостной яме",0.659633363708565,
https://tjournal.ru/news/371001-rosstat-otlozhil-publikaciyu-dannyh-o-realnyh-dohodah-rossiyan-pered-poslaniem-putina,Росстат отложил публикацию данных о реальных доходах россиян перед посланием Путина,0.487288921548341,
https://tjournal.ru/science/371538-rover-perseverance-vpervye-poluchil-kislorod-iz-atmosfery-marsa,Ровер Perseverance впервые получил кислород из атмосферы Марса,0.60825781892531,
https://tjournal.ru/internet/370559-krasnodarcy-sozdali-pravdivyy-akkaunt-mestnogo-vodokanala-v-organizacii-eto-poschitali-cifrovym-ekstremizmom,Краснодарцы создали «правдивый» аккаунт местного водоканала. В организации это посчитали «цифровым экстремизмом»,0.553748759779115,
https://tjournal.ru/analysis/370637-chto-proishodit-pered-21-aprelya-dnem-poslaniya-putina-i-mitingov-v-podderzhku-navalnogo,Что происходит перед 21 апреля — днём послания Путина и митингов в поддержку Навального,0.735078279976595,
https://tjournal.ru/news/371641-v-habarovske-glyby-lda-vyshli-na-bereg-i-povredili-ograzhdenie-naberezhnoy,В Хабаровске глыбы льда вышли на берег и повредили ограждение набережной,0.53790519545854,
https://tjournal.ru/news/372697-yaponec-zavel-otnosheniya-odnovremenno-s-35-devushkami-radi-podarkov-na-den-rozhdeniya-ego-arestovali,Японец завёл отношения одновременно с 35 девушками ради подарков на день рождения. Его арестовали,0.507824218224557,
https://tjournal.ru/u/134782-mister-blondin/370944-trevel-shou-ishchem-chuzhie-zakladki-v-pole-vesnoy,Тревел-шоу «Ищем чужие закладки в поле весной»,0.37871470997635,
https://tjournal.ru/internet/370229-roskomnadzor-potreboval-ot-fbk-udalit-video-s-anonsom-akcii-21-aprelya,Роскомнадзор потребовал от ФБК удалить видео с анонсом акции 21 апреля,0.496283657169154,
https://tjournal.ru/by/372645-posolstvo-rossii-v-belorussii-otvetilo-na-soobshchenie-o-vysylke-rossiyskih-diplomatov-tegom-smalldickenergy,Посольство России в Белоруссии ответило на сообщение о высылке российских дипломатов тегом #SmallDickEnergy,0.677327121457322,
https://tjournal.ru/news/372059-koordinator-rostovskogo-shtaba-navalnogo-rasskazala-o-pytkah-v-policii-posle-zaderzhaniya,Координатор ростовского штаба Навального рассказала о пытках в полиции после задержания,0.756191646905907,
https://tjournal.ru/news/370330-sud-zasekretil-materialy-dela-o-priznanii-fbk-ekstremistskoy-organizaciey,Суд засекретил материалы дела о признании ФБК экстремистской организацией,0.516512871257753,
https://tjournal.ru/tech/371466-komanda-signal-rasskazala-ob-uyazvimostyah-v-cellebrite-po-kotoroe-specsluzhby-ispolzuyut-dlya-vzloma-smartfonov,"Команда Signal рассказала об уязвимостях в Cellebrite — ПО, которое спецслужбы используют для взлома смартфонов",0.178095094641321,
https://tjournal.ru/news/369677-fbk-obyavil-ob-akcii-v-podderzhku-navalnogo-21-aprelya,ФБК объявил об акции в поддержку Навального 21 апреля,0.805829806314493,
https://tjournal.ru/news/361114-drugih-metodov-borby-net-navalnyy-obyavil-golodovku-v-kolonii,«Других методов борьбы нет»: Навальный объявил голодовку в колонии,0.791260120465285,
https://tjournal.ru/science/361885-kometa-borisova-drevneyshaya-bakteriya-arm-v9-i-apgreyd-ssha-chto-proizoshlo-v-nauke-i-tehnologiyah-na-etoy-nedele,"Комета Борисова, древнейшая бактерия, ARM v9 и «апгрейд» США — что произошло в науке и технологиях на этой неделе",0.750157487595708,
https://tjournal.ru/news/369173-bolee-70-pisateley-publicistov-akterov-i-uchenyh-so-vsego-mira-prizvali-putina-obespechit-medpomoshch-navalnomu,"Более 70 писателей, публицистов, актёров и учёных со всего мира призвали Путина обеспечить медпомощь Навальному",0.758366787528492,
https://tjournal.ru/internet/360095-v-ssha-brodyachego-psa-pyat-raz-zastali-za-krazhey-plyushevogo-edinoroga-iz-magazina-emu-kupili-igrushku-i-nashli-hozyaev,В США бродячего пса пять раз застали за кражей плюшевого единорога из магазина. Ему купили игрушку и нашли хозяев,0.525679340206125,
https://tjournal.ru/animals/358775-v-primore-v-videolovushku-popala-semya-samyh-redkih-dalnevostochnyh-leopardov,В Приморье в видеоловушку попала семья «самых редких» дальневосточных леопардов,0.39289684494064,
https://tjournal.ru/guest/367454-gost-tj-brendan-ayk-soosnovatel-mozilla-i-sozdatel-yazyka-javascript,Гость TJ: Брендан Айк — сооснователь Mozilla и создатель языка JavaScript,0.493844155126422,
https://tjournal.ru/internet/366736-v-krasnoyarske-porvalas-naduvnaya-figura-kosmonavta-ustanovlennaya-ko-dnyu-kosmonavtiki,"В Красноярске порвалась надувная фигура космонавта, установленная ко Дню космонавтики",0.351883441676413,
https://tjournal.ru/news/368926-prokuratura-moskvy-podala-isk-o-priznanii-fbk-i-shtabov-navalnogo-ekstremistskimi-organizaciyami,Прокуратура Москвы подала иск о признании ФБК и «Штабов Навального» экстремистскими организациями,0.751587219252018,
https://tjournal.ru/news/368310-fbk-rasskazal-o-lyubimoy-i-samoy-sekretnoy-dache-putina-na-valdae-glavnoe,ФБК рассказал о «любимой и самой секретной даче Путина» на Валдае. Главное,0.718290471071307,
https://tjournal.ru/science/359275-pochemu-kosmos-molchit-tak-uzh-li-paradoksalen-paradoks-fermi,Почему космос молчит: так уж ли парадоксален парадокс Ферми?,0.78602709321549,
https://tjournal.ru/analysis/355161-estetika-eb-y-kak-romantiziruyut-gorodskie-okrainy-i-pochemu-bezuslovnaya-hton-stala-elementom-massovoy-kultury,«Эстетика еб***й»: как романтизируют городские окраины и почему безусловная хтонь стала элементом массовой культуры,0.617483616014969,
https://tjournal.ru/stories/362597-uslyshal-spidoznyy-p-i-poluchil-silnyy-udar-v-lico-monolog-peterburzhca-izbitogo-za-intervyu-tj-o-vich-statuse,"Услышал «спидозный п****» и получил сильный удар в лицо: монолог петербуржца, избитого за интервью TJ о ВИЧ-статусе",0.39959426172124,
https://tjournal.ru/internet/358487-v-poiskah-klokmena-kak-internet-pyat-let-iskal-uteryannyy-zhutkiy-multfilm-po-detskim-vospominaniyam-odnogo-cheloveka,В поисках Клокмэна: как интернет пять лет искал утерянный жуткий мультфильм по детским воспоминаниям одного человека,0.426100753178559,
https://tjournal.ru/stories/362811-teatr-odnogo-zritelya-istoriya-prevrashcheniya-kolymy-v-blagopoluchnuyu-derevnyu-na-radost-vice-prezidentu-ssha,Театр одного зрителя: история превращения Колымы в «благополучную» деревню на радость вице-президенту США,0.792710232015554,
https://tjournal.ru/internet/365393-kraken-ne-to-chem-kazhetsya-tred-o-tom-kak-legendy-o-morskih-chudovishchah-mozhno-obyasnit-eregirovannymi-penisami-kitov,"Кракен — не то, чем кажется: тред о том, как легенды о морских чудовищах можно объяснить эрегированными пенисами китов",0.251716816603473,
https://tjournal.ru/news/358948-predstavlyayu-kak-budu-hodit-po-zone-so-stilnoy-trostyu-navalnyy-rasskazal-o-svoem-zdorove-i-lechenii-v-kolonii,"«Представляю, как буду ходить по зоне со стильной тростью»: Навальный рассказал о своём здоровье и лечении в колонии",0.553400597331873,
https://tjournal.ru/news/368255-zhitelnica-krakova-vyzvala-sluzhbu-zashchity-zhivotnyh-iz-za-strannogo-zverya-na-dereve-okazalos-chto-eto-kruassan,"Жительница Кракова вызвала службу защиты животных из-за странного зверя на дереве. Оказалось, что это круассан",0.353755007241506,
https://tjournal.ru/news/366459-gollandskiy-telekanal-obnarodoval-razgovory-obvinyaemyh-v-krushenii-boeing-mh-17-v-nih-obsuzhdayut-plan-evakuacii-buka,Голландский телеканал обнародовал разговоры обвиняемых в крушении Boeing MH-17. В них обсуждают план эвакуации «Бука»,0.533874405632636,
https://tjournal.ru/science/362997-slabaya-atmosfera-zhestokie-morozy-i-nikakoy-pomoshchi-s-zemli-v-kakih-usloviyah-pridetsya-letat-vertoletu-na-marse,"Слабая атмосфера, жестокие морозы и никакой помощи с Земли: в каких условиях придётся летать вертолёту на Марсе",0.619611705885824,
https://tjournal.ru/animals/361456-v-turcii-ulichnaya-koshka-prinesla-svoih-kotyat-v-bolnicu-posle-lecheniya-im-nachali-iskat-hozyaev,В Турции уличная кошка принесла своих котят в больницу. После лечения им начали искать хозяев,0.26425743591197,
https://dtf.ru/s/gachahell/714452-vazhnaya-informaciya,Важная информация,0.429635405006922,
https://dtf.ru/games/714454-colette-poluchil-oskar-za-luchshiy-dokumentalnyy-film,«Colette» получил Оскар за «Лучший документальный фильм»,0.344067235610204,
https://dtf.ru/anime/714450-sbory-polnometrazhnogo-anime-klinok-rassekayushchiy-demonov-za-pervyy-uik-end-v-ssha-sostavili-19-5-millionov-dollarov,"Сборы полнометражного аниме «Клинок, рассекающий демонов» за первый уик-энд в США составили 19,5 миллионов долларов",0.41180614088744,
https://dtf.ru/s/titanfall/714429-obozhayu-fanatskoe-tvorchestvo,Обожаю фанатское творчество,0.421353194786085,
https://dtf.ru/indie/714380-move-forward-moy-pervyy-opyt-v-geymdeve,Move Forward - мой первый опыт в геймдеве,0.375743741342463,
https://dtf.ru/cinema/714235-oskar-2021-obnovlyaemyy-material-s-pobeditelyami,«Оскар-2021»: обновляемый материал с победителями,0.330345696404095,
https://dtf.ru/music/714406-zaryad-na-den,Заряд на день,0.506478409054333,
https://dtf.ru/s/xbox_club/714402-u-vseh-betka-chivalry-2-artefachit-na-bokse,У всех бетка Chivalry 2 артефачит на боксе?,0.42797991949226,
https://dtf.ru/cinema/714395-treyler-vtorogo-sezona-seriala-obnazhennyy-rezhisser-the-naked-director-zenra-kantoku,Трейлер второго сезона сериала Обнаженный режиссер (The Naked Director, Zenra Kantoku),0.40647735502853005
https://dtf.ru/indie/713088-obyasnyayu-kazhduyu-strochku-ya-snova-vyhozhu-na-svyaz,«Объясняю каждую строчку» — я снова выхожу на связь,0.451652848143577,
https://dtf.ru/s/xbox_club/714375-sluh-reliz-stalker-2-mozhet-sostoyatsya-v-konce-etogo-goda,Слух: Релиз STALKER 2 может состояться в конце этого года,0.68098342798825,
https://dtf.ru/screenshots/714348-anomalnoe-postsovetskoe-prostranstvo,Аномальное постсоветское пространство,0.473932414170089,
https://dtf.ru/cinema/714243-religiya-v-multseriale-family-guy-griffiny,"Религия в мультсериале ""Family Guy"" (""Гриффины"")",0.41461929757542,
https://dtf.ru/music/714339-go-a-shum,Go_A -ШУМ,0.429635405006922,
https://dtf.ru/craft/714323-luchshe-raboty-2020-chast-2,Лучше работы 2020 [часть 2],0.357562730597632,
https://dtf.ru/cinema/645693-oficialnyy-poster-85-y-ceremonii-oskar,Официальный постер 85-й церемонии «Оскар»,0.364309939852982,
https://dtf.ru/craft/714319-luchshe-raboty-2020-chast-1,Лучше работы 2020 [часть 1],0.357562730597632,
https://dtf.ru/kek/714309-izvinite,Извините,0.429635405006922,
https://dtf.ru/hard/714259-kitayskaya-kompaniya-onda-anonsirovala-materinskuyu-platu-s-32-sata-portami-dlya-zhestkih-i-tverdotelnyh-nakopiteley,Китайская компания Onda анонсировала материнскую плату с 32 SATA-портами для жёстких и твердотельных накопителей,0.199361809985109,
https://dtf.ru/s/playstation/714267-vedushchaya-hudozhnica-po-osveshcheniyu-v-blue-sky-prisoedinilas-k-naughty-dog,Ведущая художница по освещению в Blue Sky присоединилась к Naughty Dog,0.406086988525635,
https://dtf.ru/life/714165-toddu-govardu-ispolnilos-50-let,Тодду Говарду исполнилось 50 лет,0.392526206328027,
https://dtf.ru/gameindustry/714143-spustya-3-goda-ya-vse-eshche-poluchala-menshe-mladshego-razrabotchika-tred-s-obsuzhdeniyami-zarplaty-v-igrovoy-industrii,"""Спустя 3 года, я все еще получала меньше младшего разработчика"": тред с обсуждениями зарплаты в игровой индустрии",0.298283406744941,
https://dtf.ru/games/712331-28-let-tvorchestva-luchshie-modifikacii-dlya-doom,28 лет творчества: лучшие модификации для Doom,0.148378292713668,
https://dtf.ru/life/714094-kak-zakon-o-prosvetitelskoy-deyatelnosti-skazhetsya-na-igrovoy-industrii-stoit-li-boyatsya-zapreta-gaydov-i-indi-mitapov,Как закон о просветительской деятельности скажется на игровой индустрии— стоит ли бояться запрета гайдов и инди-митапов,0.741983576096814,
https://dtf.ru/gamedev/708463-kak-sozdat-animaciyu-sobirayushchegosya-obekta-kratkiy-tutorial,Как создать анимацию собирающегося объекта — краткий туториал,0.500549304867357,
https://dtf.ru/gameindustry/714142-ocherednoy-sotrudnik-studii-microsoft-the-initiative-ushedshiy-iz-naughty-dog-vernulsya-obratno-v-playstation,"Очередной сотрудник студии Microsoft The Initiative, ушедший из Naughty Dog, вернулся обратно в PlayStation",0.398187301155376,
https://dtf.ru/kek/714111-aktery-so-svoimi-molodymi-versiyami,Актеры со своими молодыми версиями,0.204382708948966,
https://dtf.ru/music/713878-kak-ya-pisal-muzyku-dlya-personazhey-mortal-kombat,Как я писал музыку для персонажей Mortal Kombat,0.162356186192614,
https://dtf.ru/games/714189-resident-evil-7-8-1080p-vs-900p-geyming-v-2021-godu,Resident evil 7/8 - 1080p vs 900p гейминг в 2021 году,0.451097433873252,
https://dtf.ru/gameindustry/714069-nier-replicant-ver-1-22474487139-startovala-s-pervoy-strochki-v-nedelnom-charte-steam,NieR Replicant ver.1.22474487139... стартовала с первой строчки в недельном чарте Steam,0.384941870736156,
https://dtf.ru/avi/713761-dzhek-blek-i-kapitan-amerika,Джек Блэк и Капитан Америка,0.40405856890985,
https://dtf.ru/gameindustry/713842-bild-otmenennogo-ekshena-kapitan-blad-ot-1s-utek-v-set,Билд отменённого экшена «Капитан Блад» от «1С» утёк в сеть,0.409195792676038,
https://dtf.ru/hard/710410-gnut-svoyu-liniyu-kak-nintendo-prodali-mne-bukvalno-krivuyu-konsol-i-obvinili-v-narushenii-garantii,Гнут свою линию: как Nintendo продали мне буквально кривую консоль и обвинили в нарушении гарантии,0.27266426213645,
https://dtf.ru/cinema/710452-otrestavrirovannyy-vlastelin-kolec-v-kinoteatre-ne-otrestavrirovannyy,Отреставрированный «Властелин колец» в кинотеатре — не отреставрированный,0.339077138725295,
https://dtf.ru/games/707684-ty-vse-eshche-dumaesh-chto-lor-assasinov-polnoe-d-o,"Ты всё еще думаешь, что лор Ассасинов полное д****о?",0.31784850721787,
https://dtf.ru/cinema/709383-pochemu-rossiyskie-strimingovye-servisy-nikogda-ne-budut-luchshe-piratstva,Почему российские стриминговые сервисы никогда не будут лучше пиратства,0.710835001228259,
https://dtf.ru/cinema/711060-v-poiskah-zavetnogo-4k-kak-perevypusk-vlastelina-kolec-v-kinoteatrah-rf-obernulsya-skandalom,В поисках заветного 4K: как перевыпуск «Властелина колец» в кинотеатрах РФ обернулся скандалом,0.345723342789308,
https://dtf.ru/cinema/708072-vtoroy-sezon-lyubov-smert-roboty-vyydet-14-maya-tretya-chast-antologii-zaplanirovana-na-2022-god,Второй сезон «ЛЮБОВЬ. СМЕРТЬ. РОБОТЫ» выйдет 14 мая. Третья часть антологии запланирована на 2022 год,0.527027913264573,
https://dtf.ru/gameindustry/708238-sony-ne-budet-zakryvat-cifrovye-magaziny-na-ps3-i-ps-vita,Sony не будет закрывать цифровые магазины на PS3 и PS Vita,0.586842135328405,
https://dtf.ru/life/710953-ocherednaya-grustnaya-istoriya-otmenennogo,Очередная грустная история «отменённого»,0.665283228215397,
https://dtf.ru/avi/708801-strimer-carnyjared-pervym-proshel-odnu-iz-samyh-slozhnyh-polzovatelskih-pesen-guitar-hero-na-100-i-za-odno-kombo,Стример CarnyJared первым прошёл одну из самых сложных пользовательских песен Guitar Hero на 100% и за одно комбо,0.51081572824397,
https://dtf.ru/gameindustry/710207-microsoft-ubrala-neobhodimost-podpiski-na-live-gold-dlya-igry-v-uslovno-besplatnye-taytly-na-xbox,Microsoft убрала необходимость подписки на Live Gold для игры в условно-бесплатные тайтлы на Xbox,0.265482418150425,
https://dtf.ru/hard/710375-koreyskiy-hudozhnik-sozdal-bluetooth-kolonku-ispolzuyushchuyu-ferromagnitnuyu-zhidkost-v-kachestve-vizualizatora,"Корейский художник создал Bluetooth-колонку, использующую ферромагнитную жидкость в качестве визуализатора",0.393316780532345,
https://dtf.ru/life/712985-eks-strimer-phantoml0rd-otsudil-u-twitch-20-tysyach-dollarov-za-blokirovku-ego-kanala-i-obvineniya-v-moshennichestve,Экс-стример PhantomL0rd отсудил у Twitch 20 тысяч долларов за блокировку его канала и обвинения в мошенничестве,0.342652241764905,
https://dtf.ru/games/711338-tovara-net-v-nalichii-kakie-igry-seychas-nelzya-kupit-v-cifre,Товара нет в наличии: какие игры сейчас нельзя купить в «цифре»,0.508326596013736,
https://dtf.ru/sale/708575-v-ps-store-nachalas-razdacha-horizon-zero-dawn-complete-edition,В PS Store началась раздача Horizon Zero Dawn Complete Edition,0.452120649753814,
https://dtf.ru/sale/711968-m-video-zapretila-tratit-bonusy-na-konsoli-aksessuary-i-tovary-s-metkoy-finalnaya-cena-eto-bolshinstvo-igr,"«М.Видео» запретила тратить бонусы на консоли, аксессуары и товары с меткой «Финальная цена» — это большинство игр",0.40334828475007,
https://dtf.ru/games/710048-igrok-iz-the-lord-of-the-rings-online-prokachal-svoego-hobbita-do-130-urovnya-na-odnoy-lish-vypechke-pirogov,Игрок из The Lord of the Rings Online прокачал своего хоббита до 130 уровня на одной лишь выпечке пирогов,0.283532809552888,
https://dtf.ru/games/700396-eshche-ne-pozdno-chto-stoit-kupit-dlya-ps3-i-vita-raz-uzh-sony-peredumala-otklyuchat-ps-store,"Ещё не поздно: что стоит купить для PS3 и Vita, раз уж Sony передумала отключать PS Store",0.171191712989717,
https://dtf.ru/kek/708683-klassika,Классика,0.425462480110592,
https://dtf.ru/avi/708135-animirovannaya-oblozhka-dlya-korobki-demon-s-souls,Анимированная обложка для коробки Demon's Souls,0.140299954320363,
https://dtf.ru/gameindustry/709321-geymdirektor-overwatch-dzheff-kaplan-pokidaet-blizzard-posle-19-let-raboty,Геймдиректор Overwatch Джефф Каплан покидает Blizzard после 19 лет работы,0.370138103559029,
https://dtf.ru/games/710917-tri-kopa-odin-syuzhet-naskolko-nelineyna-disco-elysium,"Три копа, один сюжет: насколько нелинейна Disco Elysium",0.540635930943266,
https://dtf.ru/life/698380-88-letniy-pensioner-raskleil-obyavleniya-chtoby-emu-pomogli-vyyti-iz-pervoy-kreposti-v-skyrim-vyruchil-molodoy-parenek,"88-летний пенсионер расклеил объявления, чтобы ему помогли выйти из первой крепости в Skyrim — выручил молодой паренёк",0.338208714077462,
https://dtf.ru/flood/689528-microsoft-obyavila-o-pokupke-dtf,Microsoft объявила о покупке DTF ✓,0.459537869802993,
https://dtf.ru/cinema/688763-nevnimanie-k-detalyam-v-kino,Невнимание к деталям в кино,0.429635405006922,
https://dtf.ru/gameindustry/703963-prodyuser-diablo-ii-nazval-cenzuroy-menee-seksualizirovannyy-obraz-amazonki-v-versii-resurrected,Продюсер Diablo II назвал «цензурой» менее сексуализированный образ Амазонки в версии Resurrected,0.391367047889038,
https://dtf.ru/flood/688483-batya-spasaet-syna-gonshchika-iz-goryashchego-avtomobilya,Батя спасает сына-гонщика из горящего автомобиля,0.387336768604024,
https://dtf.ru/life/700462-vysshaya-shkola-ekonomiki-zapuskaet-delo-o-klevete-v-adres-nikolaya-dybovskogo,Высшая школа экономики запускает дело о клевете в адрес Николая Дыбовского,0.533965480621308,
https://dtf.ru/games/701661-vosstavshiy-iz-mertvyh-obzor-kapitana-blada-legendarnoy-igry-kotoraya-tak-i-ne-vyshla,"Восставший из мёртвых: обзор «Капитана Блада» — легендарной игры, которая так и не вышла",0.585624158163293,
https://dtf.ru/games/683501-gsc-game-world-pokazala-kostyumy-frakciy-modeli-oruzhiya-i-redaktor-zubov-npc-iz-s-t-a-l-k-e-r-2,"GSC Game World показала костюмы фракций, модели оружия и редактор зубов NPC из S.T.A.L.K.E.R. 2",0.52333104430658,
https://dtf.ru/games/692135-vnimanie-k-detalyam-v-igrah-vypusk-14,Внимание к деталям в играх. Выпуск #14,0.415576117829662,
https://dtf.ru/avi/697863-zapis-dvizheniy-kotikov,Запись движений котиков,0.416096548429207,
https://dtf.ru/cinema/706034-utechka-treyler-vtorogo-sezona-seriala-lyubov-smert-roboty,Утечка: трейлер второго сезона сериала «Любовь. Смерть. Роботы»,0.355715522762281,
https://dtf.ru/games/696738-polzovatel-reddit-pokazal-demo-asimmetrichnogo-ekshena-v-kotorom-komanda-na-pk-protivostoit-igroku-s-vr,"Пользователь Reddit показал демо асимметричного экшена, в котором команда на ПК противостоит игроку с VR",0.429429558487246,
https://dtf.ru/games/686403-cdpr-opublikovala-polnyy-spisok-izmeneniy-v-patche-1-2-dlya-cyberpunk-2077-ih-bolshe-500,CDPR опубликовала полный список изменений в патче 1.2 для Cyberpunk 2077 — их больше 500,0.155583491996541,
https://dtf.ru/life/695887-segodnya-den-rozhdeniya-u-dzheki-chana-emu-ispolnilos-67-let,"Сегодня день рождения у Джеки Чана, ему исполнилось 67 лет",0.346710503699021,
https://dtf.ru/music/677706-v-strashnoy-skazke-bestiariy-pesen-gruppy-korol-i-shut,В страшной сказке: бестиарий песен группы «Король и Шут»,0.388445481314446,
https://dtf.ru/u/2819-neko-natum/696593-iskusstvo-iz-zapreta-osobennosti-yaponskoy-cenzury,«Искусство из запрета»: особенности японской цензуры,0.543551731853616,
https://dtf.ru/gameindustry/702918-vzlet-i-padenie-portativnyh-konsoley-sony,Взлёт и падение портативных консолей Sony,0.493454798391035,
https://vc.ru/claim/238668-stavit-li-sportmaster-videokamery-v-razdevalkah-magazinov,"Ставит ли ""Спортмастер"" видеокамеры в раздевалках магазинов?",0.615127770665521,
https://vc.ru/marketing/238676-dlya-nih-vremya-pokaza-uvedomleniy,для них время показа уведомлений,0.147434277176679,
https://vc.ru/finance/238671-6-privychek-milliarderov,6 привычек миллиардеров,0.419333590625339,
https://vc.ru/marketing/238673-otnositelno-nedavno-mnogie-polzovateli-nachali-stalkivatsya,Относительно недавно многие пользователи начали сталкиваться,0.366890122112185,
https://vc.ru/marketing/238670-vse-eto-proizoshlo-primerno-chasa-v-tri-dnya-zvonki-v-podderzhku,Всё это произошло примерно часа в три дня. Звонки в поддержку,0.436100044515137,
https://vc.ru/marketing/238662-moya-mama-perevodila-dengi-segodnya-drugomu-takomu-zhe-klientu-sbera-na-ochen-vazhno,Моя мама переводила деньги сегодня другому такому же клиенту Сбера на очень важно,0.550851687269313,
https://vc.ru/marketing/238661-trebuet-mnogih-deystviy-kotorye-v-silu-svoey-specifiki-vypolnyayutsya-v-opredelennom-poryadke,"требует многих действий, которые в силу своей специфики выполняются в определенном порядке",0.206960133476744,
https://vc.ru/marketing/238655-kuhnya-nezamenimyy-element-kazhdoy-kvartiry-ona-dolzhna-byt-ne-tolko-krasivoy-chtoby-my-s-udovolstviem,"Кухня. Незаменимый элемент каждой квартиры. Она должна быть не только красивой, чтобы мы с удовольствием",0.29755192844252,
https://vc.ru/life/238629-chem-polezen-dlya-rebenka-ksilofon-kakoy-ksilofon-kupit-rebenku,Чем полезен для ребенка ксилофон? Какой ксилофон купить ребенку,0.341693850542383,
https://vc.ru/tribuna/238083-kalendar-mobilnoe-prilozhenie-dlya-operacionnoy-sistemy-android,Календарь — мобильное приложение для операционной системы Андроид,0.145985230585864,
https://vc.ru/claim/238613-kak-sberbank-mozhet-zablokirovat-vam-lichnyy-kabinet-na-pustom-meste-i-ne-otkryvat-dvoe-sutok,Как Сбербанк может заблокировать вам личный кабинет на пустом месте и не открывать двое суток,0.753933199989258,
https://vc.ru/marketing/238618-dve-neochevidnye-fishki-kotorye-za-3-mesyaca-uvelichili-prodazhi-v-instagrame-v-52-raza-sredniy-chek-60-000,"Две неочевидные фишки, которые за 3 месяца увеличили продажи в инстаграме в 52 раза. Средний чек — 60 000 ₽",0.365832081598499,
https://vc.ru/claim/238608-zahotel-kupit-playstation-5-na-ozon-derzhi-pozhiznennyy-strayk,Захотел купить Playstation 5 на OZON? Держи пожизненный страйк!,0.695112063701289,
https://vc.ru/marketing/238561-keys-onlayn-shkola-stilistov-kak-my-poluchili-711-lidov-po-7-3,"Кейс: онлайн-школа стилистов. Как мы получили 711 лидов по 7,3₽",0.349160706133254,
https://vc.ru/tribuna/238594-pochemu-nelzya-rezko-brosat-kurit-i-kak-brosit-postepenno,Почему нельзя резко бросать курить и как бросить постепенно,0.613614044934469,
https://vc.ru/claim/238591-kak-u-menya-ukrali-bally-m-video,Как у меня украли баллы «М.Видео»,0.539033168812055,
https://vc.ru/finance/238578-investicii-v-odnushki-rf-itogi-10-let,Инвестиции в однушки РФ: итоги 10 лет,0.477542949255605,
https://vc.ru/marketing/238568-asana-prodaet-ne-planirovshchik-ona-prodaet-oshchushchenie-kontrolya-cennostnoe-predlozhenie-v-kartinkah,Asana продает не планировщик — она продает ощущение контроля. Ценностное предложение в картинках,0.33760678443874,
https://vc.ru/marketing/238470-kak-testirovat-ideyu-dlya-biznesa-v-b2b-za-3-dnya-bez-sayta-i-osoboy-podgotovki-mvp-bolshe-ne-rabotaet,"Как тестировать идею для бизнеса в b2b за 3 дня,  без сайта и особой подготовки. MVP больше не работает",0.204578311659764,
https://vc.ru/social/238538-telegram-magaziny-zhdem-buma-reklamy-v-telegram,Телеграм-магазины: ждем бума рекламы в Телеграм,0.522570477231422,
https://vc.ru/life/238490-singapurskoe-chudo,Сингапурское чудо,0.482023297683064,
https://vc.ru/team/238469-glavnoe-za-nedelyu-mayskie-kanikuly-ot-putina-istoriya-tainstvennoy-seti-svetofor-i-anonsy-apple,"Главное за неделю: майские «каникулы» от Путина, история «таинственной» сети «Светофор» и анонсы Apple",0.724920828385927,
https://vc.ru/life/237848-kupil-no-ne-proshel,"Купил, но не прошёл",0.538457488286794,
https://vc.ru/marketing/238453-daydzhest-ot-marketing-class-chto-chital-i-smotrel-direktor-po-marketingu-s-19-po-25-aprelya,Дайджест от Marketing Class: что читал и смотрел директор по маркетингу с 19 по 25 апреля,0.496720866441957,
https://vc.ru/marketing/238448-kak-sdelat-rubrikator-dlya-svoego-restorana,Как сделать рубрикатор для своего ресторана,0.088047076002713,
https://vc.ru/education/238443-obzor-tehnologicheskih-startapov-v-obrazovanii-za-poslednyuyu-nedelyu,Обзор технологических стартапов в образовании за последнюю неделю,0.403431207808113,
https://vc.ru/claim/238418-kak-ya-kupil-xbox-series-s-i-byl-navsegda-zabanen-na-ozon,Как я купил Xbox Series S и был навсегда забанен на Ozon,0.719734278581222,
https://vc.ru/life/238390-kak-ne-nado-brosat-kurit,Как не надо бросать курить,0.379468607586141,
https://vc.ru/food/232003-kak-varit-pivo-doma-otkryt-pab-postroit-kommercheskuyu-pivovarnyu-i-rasshirit-ee-v-5-raz-istoriya-4brewers-chast-4,"Как варить пиво дома, открыть паб, построить коммерческую пивоварню и расширить ее в 5 раз. История 4BREWERS, часть 4",0.574145409622146,
https://vc.ru/office/237531-openspeysy-mertvy-populyarizatory-otkrytyh-prostranstv-razocharovalis-v-nih-i-predlozhili-alternativu,«Опенспейсы мертвы»: популяризаторы открытых пространств разочаровались в них и предложили альтернативу,0.464680248938624,
https://vc.ru/finance/238431-bitkoyn-padaet-posle-soobshcheniy-chto-dzho-bayden-podnimet-nalogi-dlya-bogatyh,"Биткойн падает после сообщений, что Джо Байден поднимет налоги для богатых",0.190685333862346,
https://vc.ru/claim/238422-nerabotayushchiy-bezlimit-na-socseti-v-mts,Неработающий безлимит на соцсети в МТС,0.494689813041957,
https://vc.ru/finance/238413-shutka-kak-investicionnaya-ideya,Шутка как инвестиционная идея,0.453232036911885,
https://vc.ru/finance/238435-pyat-klyuchevyh-vyvodov-iz-knigi-dzhordzh-soros-alhimiya-finansov,Пять ключевых выводов из книги: Джордж Сорос — Алхимия финансов,0.530310640019449,
https://vc.ru/opinions/238396-programmisty-samouchki-v-chem-ih-problemy-i-pochemu-nuzhny-prepodavateli,"Программисты-самоучки. В чём их проблемы, и почему нужны преподаватели",0.688468692472574,
https://vc.ru/finance/238414-dovody-protiv-uchastiya-v-ipo-segezha-group,Доводы против участия в IPO Segezha Group,0.411543384264907,
https://vc.ru/life/236518-kvartirnaya-myshelovka-kak-ne-stat-zhertvoy-moshennikov-pri-pokupke-ili-arende-zhilya,Квартирная мышеловка: как не стать жертвой мошенников при покупке или аренде жилья,0.644461838105319,
https://vc.ru/finance/238397-vtb-obmanyvaet-v-opisanii-opcii-vyplachivaet-menshe-obeshchannogo,ВТБ обманывает в описании опции. Выплачивает меньше обещанного,0.429635405006922,
https://vc.ru/life/238216-otkuda-beretsya-privychka-zasizhivatsya-dopozdna-i-chto-delat-dlya-horoshego-otdyha-i-borby-s-prokrastinaciey-sna,Откуда берётся привычка засиживаться допоздна и что делать для хорошего отдыха и борьбы с «прокрастинацией сна»,0.560587315755619,
https://vc.ru/hr/238244-o-rabote-v-velichayshey-aviakompanii,О работе в величайшей авиакомпании,0.445058023111758,
https://vc.ru/education/238238-poyavilsya-proekt-opredeleniya-prosvetitelskoy-deyatelnosti-tuda-popali-lektorii-prezentacii-onlayn-kontent-i-drugoe,"Появился проект определения «просветительской деятельности» — туда попали лектории, презентации, онлайн-контент и другое",0.645602991230922,
https://vc.ru/claim/238312-portal-dobrodel-trebuet-dannye-mashiny-vashego-rebenka-i-voennogo-bileta-dlya-avtorizacii-rkn-vse-ravno,"Портал Добродел требует данные машины, вашего ребенка и военного билета для авторизации. РКН все равно",0.126060397343036,
https://vc.ru/life/238308-kak-ya-rabotal-na-pochte-v-nachale-90-h-ili-lyubov-k-pechatnym-izdaniyam,"Как я ""работал"" на почте в начале 90-х или любовь к печатным изданиям",0.614766616870079,
https://habr.com/ru/post/554518/,Передача и вызов лямбд на сервере и отказаться от docker/deploy/…,0.546972641521712,
https://habr.com/ru/post/554492/,Vulkan. Руководство разработчика. Непрограммируемые стадии конвейера,0.4314819484789,
https://habr.com/ru/post/554484/,"Немного о графиках, сплайнах и генерации ландшафта",0.423417771995681,
https://habr.com/ru/post/554474/,Чистая архитектура. Часть II — Парадигмы программирования,0.413453561550401,
https://habr.com/ru/post/554468/,О ходе создания игры «Колобок» в апреле,0.420253225904915,
https://habr.com/ru/post/554458/,Разведка с geo2ip и reverse-whois,0.429635405006922,
https://habr.com/ru/post/554456/,"Создаем кэшируемую пагинацию, которая не боится неожиданного добавления данных в БД",0.432789484876553,
https://habr.com/ru/post/554264/,Корабль в бутылочном горлышке. Ever Given и прохладные перспективы контейнерного флота,0.429635405006922,
https://habr.com/ru/news/t/554510/,«Яндекс» запустил сервис «Документы»,0.470077764935515,
https://habr.com/ru/news/t/554508/,Создатели Apex Legends и Titanfall выиграли «Оскар» за документальный фильм «Колетт»,0.321732176431363,
https://habr.com/ru/news/t/554490/,В проекте поправок Минцифры предустанавливаемые приложения стали удаляемыми,0.534716370290869,
https://habr.com/ru/news/t/554504/,Молния: предстоящие вебинары про Serverless технологии,0.414844680720281,
https://habr.com/ru/news/t/554480/,"В Кембридже разработали голографический дисплей для автомобиля, который может сделать поездки безопаснее",0.259005391755771,
https://habr.com/ru/news/t/554478/,"Новости IT и венчурных инвестиций: новинка Apple, обещания Facebook. И ещё футбол",0.4116571265521,
https://habr.com/ru/news/t/554460/,Cisco оценила период дефицита микросхем в полгода,0.429744307301733,
https://habr.com/ru/news/t/554428/,"Учёные разобрались, как летают пеликаны",0.495125553719286,
https://habr.com/ru/company/regionsoft/news/t/554422/,"Ни проспать, ни опоздать: приложение Mezamee будет штрафовать несобранных жителей Японии",0.44550695641334,
https://habr.com/ru/company/sberdevices/news/t/554402/,Text-to-Video. Visper – новая платформа визуальных персонажей для создания видеоконтента,0.147580054910177,
https://habr.com/ru/news/t/554386/,Ушел из жизни исследователь кибербезопасности Дэн Камински,0.525643978595335,
https://habr.com/ru/news/t/554374/,Студия «Дисней» воссоздала ребенка-Грута в виде ходящего робота,0.382712466916107,
https://habr.com/ru/news/t/554370/,Microsoft обновила пакетный менеджер winget. В версии 0.3 можно просматривать установленные приложения и удалять их,0.402162673068153,
https://habr.com/ru/company/dcmiran/news/t/554368/,Релиз ядра Linux 5.12,0.43546223688024,
https://habr.com/ru/news/t/554364/,Законодатели США назвали доход Google и Apple от магазинов приложений «рентой»,0.556755234631809,
https://habr.com/ru/news/t/554350/,Пентагон передал частной компании 175 млн IP-адресов для поиска проблем с безопасностью,0.149821411687778,
https://habr.com/ru/news/t/554346/,Кроа-Хартман отверг извинения Миннесотского университета,0.458077322741553,
https://tjournal.ru/moscow/373647-nachinaetsya-masshtabnaya-rekonstrukciya-yuzhnogo-rechnogo-vokzala,Начинается масштабная реконструкция Южного речного вокзала,0.436302588742786,
https://tjournal.ru/news/373648-my-ne-znaem-chto-delat-dalshe-meduza-rasskazala-chto-grozit-izdaniyu-iz-za-statusa-inostrannogo-agenta,"«Мы не знаем, что делать дальше»: «Медуза» рассказала, что грозит изданию из-за статуса «иностранного агента»",0.424769447808072,
https://tjournal.ru/news/373631-ukraina-rassekretila-chast-dokumentov-kgb-o-chernobylskoy-avarii-incidenty-na-obekte-sluchalis-i-do-1986-goda,Украина рассекретила часть документов КГБ о чернобыльской аварии: инциденты на объекте случались и до 1986 года,0.513132360307176,
https://tjournal.ru/analysis/373472-300-tysyach-zarazheniy-v-den-pochemu-indiya-ne-spravlyaetsya-s-pandemiey-i-kak-ey-pytayutsya-pomoch,300 тысяч заражений в день: почему Индия не справляется с пандемией и как ей пытаются помочь,0.476076423423845,
https://tjournal.ru/news/373594-amerikanec-v-kostyume-medvedya-peshkom-doshel-iz-los-andzhelesa-v-san-francisko-i-sobral-17-tysyach-na-blagotvoritelnost,Американец в костюме медведя пешком дошёл из Лос-Анджелеса в Сан-Франциско. И собрал $17 тысяч на благотворительность,0.607131880016316,
https://tjournal.ru/animals/373572-zhiteli-kanadskoy-derevni-ostalis-bez-interneta-iz-za-bobrov-oni-peregryzli-optovolokonnyy-kabel,Жители канадской деревни остались без интернета из-за бобров — они перегрызли оптоволоконный кабель,0.475597050099111,
https://tjournal.ru/internet/373602-telegram-razreshil-prinimat-platezhi-v-lyubom-chate-zapustil-otlozhennye-golosovye-chaty-i-predstavil-novye-veb-versii,"Telegram разрешил принимать платежи в любом чате, запустил отложенные голосовые чаты и представил новые веб-версии",0.448882198554,
https://tjournal.ru/internet/373587-ispanskiy-inzhener-sdelal-dlya-96-letney-babushki-retro-ustroystvo-chtoby-ey-bylo-legche-obshchatsya-v-telegrame,"Испанский инженер сделал для 96-летней бабушки ретро-устройство, чтобы ей было легче общаться в телеграме",0.164156098833234,
https://tjournal.ru/stories/372450-gorod-v-kotoryy-hochetsya-vernutsya-zhiteli-turisty-i-sotrudniki-aes-o-pripyati-do-vo-vremya-i-posle-katastrofy,"Город, в который хочется вернуться: жители, туристы и сотрудники АЭС — о Припяти до, во время и после катастрофы",0.358915651077905,
https://tjournal.ru/tech/373578-sber-zapustil-platformu-dlya-sozdaniya-virtualnyh-avatarov-dlya-prezentaciy-i-video,Сбер запустил платформу для создания виртуальных аватаров для презентаций и видео,0.159678750260848,
https://tjournal.ru/stories/370557-dosrochnoe-golosovanie-prigovor-chestnym-vyboram,Досрочное голосование — приговор честным выборам,0.429635405006922,
https://tjournal.ru/telegram/373575-mihaila-svetova-dostavili-v-savelovskiy-rayonnyy-sud,Михаила Светова доставили в Савёловский районный суд,0.451829054085559,
https://tjournal.ru/u/382132-ken-chanskiy/372604-novaya-zemlya-mesto-gde-vse-dozvoleno-i-vse-zapreshcheno-mesto-gde-my-dobycha,"Новая Земля. Место, где всё дозволено и всё запрещено. Место, где мы — добыча",0.351271819165954,
https://tjournal.ru/music/373552-zemfira-palto,Земфира – пальто,0.429635405006922,
https://tjournal.ru/news/373534-mvd-vozbudilo-administrativnoe-delo-posle-proverki-intervyu-dudya-na-propagandu-narkotikov,МВД возбудило административное дело после проверки интервью Дудя на пропаганду наркотиков,0.546343067092896,
https://tjournal.ru/news/373473-prokuratura-priostanovila-deyatelnost-shtabov-navalnogo-do-resheniya-po-isku-ob-ekstremizme,Прокуратура приостановила деятельность штабов Навального до решения по иску об экстремизме,0.754732376907586,
https://tjournal.ru/internet/373456-pablik-nizkopoligonalnye-zhivotnye,Паблик: Низкополигональные животные,0.425805424584284,
https://tjournal.ru/news/373425-chtob-ty-sdohla-pacientka-moskovskoy-bolnicy-snyala-kak-pyanye-medsestry-ugrozhayut-babushke-sk-nachal-proverku,"«Чтоб ты сдохла!»: пациентка московской больницы сняла, как пьяные медсёстры угрожают бабушке. СК начал проверку",0.460314638275674,
https://tjournal.ru/by/373476-foto-zhenskiy-marsh-v-minske-k-35-letiyu-chernobylya,Фото: Женский марш в Минске к 35-летию Чернобыля,0.423869725707862,
https://tjournal.ru/news/373506-fas-obvinila-delivery-club-i-sozdateley-shou-chto-bylo-dalshe-v-narushenii-zakona-o-reklame,ФАС обвинила Delivery Club и создателей шоу «Что было дальше?» в нарушении закона о рекламе,0.536907769823228,
https://tjournal.ru/tv/373402-lampovaya-ceremoniya-vstrecha-s-bredom-pittom-i-tverk-ot-glenn-klouz-glavnye-momenty-oskara-2021,"«Ламповая» церемония, встреча с Брэдом Питтом и тверк от Гленн Клоуз: главные моменты «Оскара-2021»​",0.347961674308116,
https://tjournal.ru/by/373468-35-let-katastrofe-v-chernobylskoy-aes,35 лет катастрофе в Чернобыльской АЭС,0.441964414786528,
https://tjournal.ru/news/365524-umer-muzh-elizavety-ii-princ-filipp,Умер муж Елизаветы II принц Филипп,0.429635405006922,
https://dtf.ru/sale/715008-besplatnaya-dinamicheskaya-tema-po-days-gone-dlya-ps4,Бесплатная динамическая тема по Days Gone для PS4,0.149704835633795,
https://dtf.ru/kek/714998-dakimakura-s-podvohom,Дакимакура с подвохом,0.429635405006922,
https://dtf.ru/games/715003-sony-provedet-state-of-play-30-aprelya,Sony проведет State of Play 30 Апреля,0.431315078215172,
https://dtf.ru/games/713072-valkiriya-areny-s-zakupkoy-mezhdu-raundami-i-legendy-v-smertelnoy-opasnosti-glavnoe-o-sezone-nasledie-v-apex-legends,"Валькирия, арены с закупкой между раундами и легенды в смертельной опасности: главное о сезоне «Наследие» в Apex Legends",0.437516480088211,
https://dtf.ru/avi/714975-22-minuty-igrovogo-processa-scarlet-nexus,22 минуты игрового процесса Scarlet Nexus,0.426326114797324,
https://dtf.ru/cinema/714951-treyler-mini-seriala-devyat-sovsem-neznakomyh-lyudey-ot-hbo-kotoryy-pokazali-na-oskare,"Трейлер мини-сериала ""Девять совсем незнакомых людей"" от HBO, который показали на Оскаре",0.489044098908891,
https://dtf.ru/avi/714954-makarenkov,Макаренков,0.429635405006922,
https://dtf.ru/hard/714874-techpowerup-novye-drayvera-amd-adrenalin-software-21-4-1-uluchshili-energoeffektivnost-kart-v-povsednevnyh-zadachah,TechPowerUp: новые драйвера AMD Adrenalin Software 21.4.1 улучшили энергоэффективность карт в повседневных задачах,0.438362039320179,
https://dtf.ru/hard/714814-ispanec-sobral-babushke-telegram-mashinu-dlya-otpravki-golosovyh-soobshcheniy,Испанец собрал бабушке Telegram-машину для отправки голосовых сообщений,0.145277277564051,
https://dtf.ru/unrealengine/714923-rtx-on-chast-1-vvedenie-globalnoe-osveshchenie-i-ambient-occlusion-na-unreal-engine-4,"RTX ON. Часть 1. Введение, Глобальное освещение и Ambient Occlusion на Unreal Engine 4",0.535129853555222,
https://dtf.ru/read/714903-oficialnyy-sbornik-receptov-the-elder-scrolls-vyydet-na-russkom-yazyke,Официальный сборник рецептов The Elder Scrolls выйдет на русском языке,0.554428617743704,
https://dtf.ru/s/gachahell/714908-sovsem-skoro-obnovlenie-1-5,Совсем скоро обновление 1.5,0.429635405006922,
https://dtf.ru/gameindustry/714711-nier-replicant-ver-1-22474487139-debyutirovala-s-pervoy-strochki-britanskogo-roznichnogo-charta,NieR Replicant ver.1.22474487139… дебютировала с первой строчки британского розничного чарта,0.393279577461775,
https://dtf.ru/craft/714901-spirt-i-voda,Спирт и Вода,0.43084370674196,
https://dtf.ru/games/714890-davay-ka-prokatimsya-geympleynyy-treyler-ratchet-clank-rift-apart,«Давай-ка прокатимся»: геймплейный трейлер Ratchet & Clank: Rift Apart,0.41989188420504,
https://dtf.ru/avi/714822-video-proshli-priklyucheniya-kapitana-blada,Видео: прошли «Приключения капитана Блада»,0.430050765057132,
https://dtf.ru/nocontext/714876-zhiza,Жиза?,0.429635405006922,
https://dtf.ru/music/710019-the-strokes-franz-ferdinand-the-white-stripes-i-drugie-chto-stalo-s-retro-rokom-nulevyh,"The Strokes, Franz Ferdinand, The White Stripes и другие: что стало с ретро-роком нулевых",0.569374723111847,
https://dtf.ru/boardgames/714867-pokazyvayte-v-kommentariyah-kak-klassno-vy-pokrasili-vashi-miniatyury-za-etu-nedelyu-chast-18,"Показывайте в комментариях, как классно вы покрасили ваши миниатюры за эту неделю! Часть 18",0.429139598640982,
https://dtf.ru/gameindustry/714846-glava-kibersportivnyh-lig-activision-blizzard-yohanna-faris-vozglavila-franshizu-call-of-duty,Глава киберспортивных лиг Activision Blizzard Йоханна Фарис возглавила франшизу Call of Duty,0.429635405006922,
https://dtf.ru/mobile/714652-na-apple-podali-v-sud-iz-za-vodonepronicaemosti-iphone,На Apple подали в суд из-за водонепроницаемости iPhone,0.587986524497937,
https://dtf.ru/life/714617-dzheff-grabb-vyskazal-vse-chto-dumaet-o-fanatah-playstation,"Джефф Грабб высказал всё, что думает о фанатах PlayStation",0.403622539255927,
https://dtf.ru/hard/714562-moduli-pamyati-ddr5-zapushcheny-v-massovoe-proizvodstvo,Модули памяти DDR5 запущены в массовое производство,0.447140423837653,
https://dtf.ru/anime/714651-propagandiruet-teoriyu-pererozhdeniya-sud-peterburga-zapretil-ssylku-na-anime-etot-zamechatelnyy-mir-konosuba,«Пропагандирует теорию перерождения»: суд Петербурга запретил ссылку на аниме «Этот замечательный мир!» (KonoSuba),0.587770830655918,
https://dtf.ru/games/714734-kakoy-mogla-byt-destiny-rannie-koncept-arty-v-stile-fentezi,Какой могла быть Destiny — ранние концепт-арты в стиле фэнтези,0.610396883448247,
https://dtf.ru/gameindustry/714698-akter-ozvuchki-zayavil-chto-s-t-a-l-k-e-r-2-hotyat-vypustit-k-zime-no-gsc-game-world-nazyvaet-eto-sluhom,"Актёр озвучки заявил, что S.T.A.L.K.E.R. 2 хотят выпустить «к зиме», но GSC Game World называет это «слухом»",0.456054400592903,
https://dtf.ru/games/710065-pererozhdayushchiysya-frisk-i-sans-unichtozhitel-putevoditel-po-fanatskim-vselennym-undertale,Перерождающийся Фриск и Санс-уничтожитель: путеводитель по фанатским вселенным Undertale,0.431047915220674,
https://dtf.ru/games/714758-halo-the-master-chief-collection-poluchit-podderzhku-vydelennyh-serverov-i-polzovatelskogo-brauzera,Halo The Master Chief Collection получит поддержку выделенных серверов и пользовательского браузера,0.454786251594243,
https://dtf.ru/games/714418-hard-reset-kak-slozhnost-menyaet-oshchushcheniya-ot-igry,Hard Reset. Как сложность меняет ощущения от игры,0.431217227827824,
https://dtf.ru/gameindustry/714555-titanfall-2-obnovila-svoy-rekord-po-pikovomu-onlaynu-v-steam-posle-treylera-apex-legends-i-rasprodazhi-igr-ea,Titanfall 2 обновила свой рекорд по пиковому онлайну в Steam — после трейлера Apex Legends и распродажи игр EA,0.198757006550852,
https://dtf.ru/gamedev/710225-kak-risovat-kozhu-svyaz-cveta-i-sveta,Как рисовать кожу? Связь цвета и света,0.430583246308572,
https://dtf.ru/life/714149-sem-vecherov-vpechatleniya-ot-prosmotrennogo-i-prochitannogo-za-nedelyu,Семь вечеров: впечатления от просмотренного и прочитанного за неделю,0.388445416314551,
https://dtf.ru/kek/714751-pochemu-u-nas-est-mnogo-memov-s-lyudmi-pyushchimi-game-pass-no-net-takovyh-s-pyushchimi-ps-now,"Почему у нас есть много мемов с людьми, пьющими Game Pass, но нет таковых с пьющими PS Now?",0.60835319862371,
https://dtf.ru/games/714642-bez-kursora-myshi-i-vertikalnoy-sinhronizacii-dlya-pk-versii-remastera-nier-replicant-vyshli-pervye-fanatskie-patchi,Без курсора мыши и вертикальной синхронизации: для ПК-версии ремастера NieR Replicant вышли первые фанатские патчи,0.133957206016595,
https://dtf.ru/games/714572-vse-taki-death-stranding-ochen-udivila-v-svoe-vremya-istoriya-togo-kak-ya-i-drugie-geymery-znakomilis-s-etoy-igroy,"Всё таки, Death Stranding очень удивила в своё время. История того, как я и другие геймеры знакомились с этой игрой",0.360786427624083,
https://dtf.ru/life/711474-sud-podderzhal-istcov-kotorye-schitayut-chto-pokupka-filmov-u-apple-na-samom-dele-arenda,"Суд поддержал истцов, которые считают, что покупка фильмов у Apple на самом деле аренда",0.623692829086394,
https://dtf.ru/gamedev/709937-kak-sozdat-oshchushchenie-skorosti-v-igre-kratkiy-tutorial,Как создать ощущение скорости в игре — краткий туториал,0.470313804754496,
https://dtf.ru/music/708569-gost-iz-drugogo-mira-puteshestvie-devida-boui-po-sssr,Гость из другого мира: путешествие Дэвида Боуи по СССР,0.544282898483772,
https://dtf.ru/gameindustry/668512-mrachnyy-vzglyad-na-razrabotku-aaa-igr-obzor-vtoroy-knigi-dzheysona-shrayera-avtora-krovi-pota-i-pikseley,"Мрачный взгляд на разработку AAA-игр: обзор второй книги Джейсона Шрайера, автора «Крови, пота и пикселей»",0.549489874778709,
https://vc.ru/legal/239010-buhgalterskiy-i-nalogovyy-audit-v-chem-ih-otlichiya,Бухгалтерский и налоговый аудит – в чем их отличия,0.418134090219415,
https://vc.ru/hr/238878-podvodnye-kamni-kolivinga-opyt-zelenoy-komandy-prodolzhenie,"«Подводные камни» коливинга: опыт зелёной команды, продолжение",0.42525789280248,
https://vc.ru/crypto/239008-bitcoin-btc-nachal-novyy-rost-i-preodolel-uroven-soprotivleniya-v-50-000,Bitcoin (BTC) начал новый рост и преодолел уровень сопротивления в 50 000 $,0.418707671883028,
https://vc.ru/media/239007-uhod-reklamodateley-i-poterya-istochnikov-meduza-rasskazala-chem-izdaniyu-grozit-status-inoagenta,"Уход рекламодателей и потеря источников: «Медуза» рассказала, чем изданию грозит статус иноагента",0.425333519990896,
https://vc.ru/design/220631-kak-nayti-obshchiy-yazyk-s-pokoleniem-z-ukie-e,Как найти общий язык с поколением Z? Укиё-э!,0.481667659499687,
https://vc.ru/life/239004-1-5-goda-na-entuziazme-iz-ofis-menedzhera-bez-deneg-v-nail-mastera-s-dohodom-300-tys-v-mesyac,"1,5 года на энтузиазме: из офис-менеджера без денег в nail-мастера с доходом 300 тыс. в месяц",0.59880148075328,
https://vc.ru/marketing/237702-kak-rabotaet-indeksaciya-v-storah-kross-lokali-nerelevantnye-klyuchi-i-brendovye-zaprosy,"Как работает индексация в сторах: кросс-локали, нерелевантные ключи и брендовые запросы",0.43032097974024,
https://vc.ru/hr/238995-aytishnik-ne-mozhet-zarabatyvat-menshe-4000-on-libo-ne-specialist-libo-terpila-o-zarplatah-it-v-rossii,"«Айтишник не может зарабатывать меньше 4000$, он либо не специалист, либо терпила». О зарплатах IT в России",0.561203461175618,
https://vc.ru/services/232865-novosti-ekosistem-u-tinkoff-svoy-bnpl-servis-u-mts-novyy-kinoteatr-u-kcell-dva-superappa-a-u-2gis-chekiny,"Новости экосистем: у Тинькофф свой BNPL-сервис, у МТС новый кинотеатр, у Kcell два супераппа, а у 2ГИС чекины",0.22129906880016,
https://vc.ru/finance/238986-tiktok-mimo-deneg-zhadnye-fermery-i-dermovyy-plan-netfix,"TikTok мимо денег, жадные фермеры и дерьмовый план Netfix",0.433045128780946,
https://vc.ru/marketing/238982-prodvizhenie-internet-magazina-novaya-realnost,Продвижение интернет-магазина: новая реальность,0.493770124116438,
https://vc.ru/marketing/238940-viewst-pervyy-mesyac-kampanii-na-samom-bolshom-didzhital-marketpleyse-appsumo,Viewst: первый месяц кампании на самом большом диджитал маркетплейсе AppSumo,0.513625377414686,
https://vc.ru/marketing/238898-6-cposobov-monetizacii-mobilnyh-prilozheniy,6 cпособов монетизации мобильных приложений,0.433426039971316,
https://vc.ru/claim/238964-otmena-zakazov-internet-magazinom-ozon-v-odnostoronnem-poryadke,Отмена заказов интернет-магазином Ozon в одностороннем порядке,0.482659147123263,
https://vc.ru/marketing/238956-chto-nuzhno-znat-pro-onlayn-iventy-v-2021-godu,Что нужно знать про онлайн-ивенты в 2021 году,0.502059269077279,
https://vc.ru/services/238757-neyronnaya-set-generiruet-zagolovki-statey-dlya-vc-ru,Нейронная сеть генерирует заголовки статей для vc.ru,0.142800920176929,
https://vc.ru/marketing/237862-kak-preodolet-strahovanie-i-nachat-inshurit-kak-mango-perevernuli-igru,Как преодолеть страхование и начать иншурить: как «Манго» перевернули игру,0.431244121201225,
https://vc.ru/opinions/238946-kogda-i-kakie-programmisty-ostanutsya-bez-raboty,Когда и какие программисты останутся без работы,0.414064776767556,
https://vc.ru/services/238936-startap-dlya-organizacii-onlayn-iventov-introvoke-privlek-2-7-mln,"Стартап для организации онлайн-ивентов Introvoke привлек $2,7 млн",0.14855739064335,
https://vc.ru/tech/238916-ispanskiy-inzhener-sozdal-dlya-babushki-terminal-kotoryy-pozvolyaet-obshchatsya-v-telegram-s-pomoshchyu-mikrofona-i-printera,"Испанский инженер создал для бабушки терминал, который позволяет общаться в Telegram с помощью микрофона и принтера",0.176901293647384,
https://vc.ru/social/238931-telegram-predstavil-otlozhennye-golosovye-chaty-i-razreshil-prinimat-platezhi-v-gruppah-i-kanalah,Telegram представил отложенные голосовые чаты и разрешил принимать платежи в группах и каналах,0.441853422583425,
https://vc.ru/tribuna/238917-znaymesta-ili-ekstrennaya-pomoshch-turisticheskomu-biznesu-v-rossii,ЗнайМеста или экстренная помощь туристическому бизнесу в России,0.514609948097555,
https://vc.ru/design/238872-ovsyasha-brend-kotoryy-dolzhen-nauchit-samogo-konservativnogo-potrebitelya-pit-rastitelnoe-moloko,"«Овсяша» — бренд, который должен научить самого консервативного потребителя пить растительное молоко",0.420327779229854,
https://vc.ru/marketing/238905-chto-nuzhno-znat-pro-onlayn-iventy-v-2021-godu,Что нужно знать про онлайн-ивенты в 2021 году,0.502059269077279,
https://vc.ru/marketing/238903-kakie-formaty-postov-v-instagram-rabotayut-luchshe-v-2021-statika-vs-dinamika,Какие форматы постов в Instagram работают лучше в 2021: статика vs динамика,0.370264424110067,
https://vc.ru/finance/238910-applied-materials-horoshiy-sposob-zarabotat-na-deficite-poluprovodnikov,Applied Materials: хороший способ заработать на дефиците полупроводников,0.565817203913598,
https://vc.ru/food/238900-god-s-pandemiey-kak-kofeyni-vyzhivayut-v-krizis,Год с пандемией. Как кофейни выживают в кризис,0.465788457389374,
https://vc.ru/office/238896-ofis-za-uglom-kak-vyglyadit-pilotnyy-proekt-seti-kovoriingov-na-meste-byvshih-moskovskih-ats,Офис за углом: как выглядит пилотный проект сети ковориингов на месте бывших московских АТС,0.561217842640833,
https://vc.ru/marketing/238258-pr-keys-1-fakultet-tiktok-v-tomske-poluchil-pr-premiyu-2021,PR Кейс № 1: «Факультет TikTok» в Томске получил PR премию 2021,0.449300954481364,
https://vc.ru/services/238773-yandeks-zapustil-dokumenty-servis-dlya-sovmestnoy-raboty-s-tekstom-i-tablicami,«Яндекс» запустил «Документы» — сервис для совместной работы с текстом и таблицами,0.172406985240033,
https://vc.ru/claim/238818-yandeks-market-privez-mne-kofe-jacobs-vmesto-chasov,«Яндекс.Маркет» привез мне кофе Jacobs вместо часов,0.454767371217977,
https://vc.ru/social/234648-predugadala-instagram-youtube-i-tinder-istoriya-populyarnoy-v-nulevyh-socseti-hotornot,"Предугадала Instagram, YouTube и Tinder: история популярной в нулевых соцсети HotOrNot",0.645050214228843,
https://vc.ru/services/234136-vaterius-ot-hobbi-proekta-do-prodazh-na-aliexpress,«Ватериус». От хобби-проекта до продаж на AliExpress,0.523392216900969,
https://vc.ru/trade/238705-vladelec-prav-na-angry-birds-podal-v-sud-na-wildberries-iz-za-narusheniya-avtorskih-prav,Владелец прав на Angry Birds подал в суд на Wildberries из-за нарушения авторских прав,0.520389936683974,
https://vc.ru/yota/238825-vanya-usovich-chitaet-tarify-yota-pod-eto-tochno-mozhno-usnut,Ваня Усович читает тарифы Yota. Под это точно можно уснуть,0.379405944047589,
https://vc.ru/services/238829-vypuskat-novosti-bez-studii-i-prevratit-prezentaciyu-v-shou-znakomimsya-s-virtualnoy-vedushchey-elenoy-i-platformoy-visper,Выпускать новости без студии и превратить презентацию в шоу: знакомимся с виртуальной ведущей Еленой и платформой Visper,0.422729009251822,
https://vc.ru/life/238718-nikogda-ne-pryachte-oshibki-kak-sebya-vesti-esli-vy-vzyali-teksty-konkurentov-dlya-svoego-lendinga-otvechaet-skyeng,"«Никогда не прячьте ошибки»: как себя вести, если вы взяли тексты конкурентов для своего лендинга — отвечает Skyeng",0.096773825693216,
https://vc.ru/services/238883-sber-zapustil-platformu-dlya-sozdaniya-virtualnyh-avatarov-v-prezentaciyah-i-video,«Сбер» запустил платформу для создания виртуальных аватаров в презентациях и видео,0.159678750260848,
https://vc.ru/marketing/237285-kak-my-prevratili-kontent-otdel-v-polnocennuyu-redakciyu-i-uvelichili-ltv-na-21,Как мы превратили контент-отдел в полноценную редакцию и увеличили LTV на 21%,0.577832451356604,
https://vc.ru/marketing/238810-kak-recept-olive-pomog-nam-uvelichit-prodazhi-na-185,Как рецепт оливье помог нам увеличить продажи на 185%,0.559476338581568,
https://vc.ru/trade/238860-antimonopolnaya-sluzhba-ne-nashla-narusheniy-iz-za-razlichiy-v-sostave-shokolada-lindt-v-rossii-i-evrope,Антимонопольная служба не нашла нарушений из-за различий в составе шоколада Lindt в России и Европе,0.442547103790689,
https://vc.ru/tribuna/233567-kak-legko-poehat-na-lechenie-v-germaniyu-ili-proyti-check-up-v-izraile,Как легко поехать на лечение в Германию или пройти check-up в Израиле?,0.6275788054565,
https://vc.ru/design/238770-keys-koncepciya-obnovleniya-sistemy-vizualnoy-identifikacii-irkutskogo-gosudarstvennogo-universiteta,Кейс: концепция обновления системы визуальной идентификации Иркутского государственного университета,0.441323009125912,
https://vc.ru/tech/238697-mincifry-predlozhilo-sdelat-predustanovlennye-prilozheniya-udalyaemymi,Минцифры предложило сделать предустановленные приложения удаляемыми — «Ъ»,0.443442700485591,
https://vc.ru/claim/238668-sportmaster-stavit-videokamery-v-razdevalkah-magazinov,«Спортмастер» ставит видеокамеры в раздевалках магазинов?,0.504831295914364,
https://vc.ru/claim/238592-gnut-svoyu-liniyu-nintendo-prodali-mne-bukvalno-krivuyu-konsol-i-obvinili-v-narushenii-garantii,Гнут свою линию: Nintendo продали мне буквально кривую консоль и обвинили в нарушении гарантии,0.257283580362436,
https://vc.ru/marketing/238438-kak-biznesu-sozdavat-interesnye-storis-universalnye-tehniki-i-priemy,Как бизнесу создавать интересные сторис: универсальные техники и приемы,0.492564133871782,
https://vc.ru/marketing/237900-rukovodstvo-po-prodazham-v-b2b-kak-messendzhery-i-personalnyy-podhod-pomogayut-startapam-nahodit-i-uderzhivat-klientov,Руководство по продажам в B2B. Как мессенджеры и персональный подход помогают стартапам находить и удерживать клиентов,0.458718278556913,
https://dtf.ru/games/715020-multiplatformennoe-demo-resident-evil-village-budet-dostupno-v-techenii-vosmi-dney,Мультиплатформенное демо Resident Evil Village будет доступно в течении восьми дней,0.382214683330137,
https://dtf.ru/cinema/708931-zlo-s-angelskim-licom-filmy-pro-detey-sposobnyh-na-uzhasnye-postupki,"Зло с ангельским лицом: фильмы про детей, способных на ужасные поступки",0.545335009529208,
https://dtf.ru/gameindustry/714949-v-set-popal-dokument-ea-o-privlechenii-igrokov-v-rezhimy-fifa-21-s-lutboksami-v-kompanii-nazvali-ego-dezinformiruyushchim,В сеть попал документ EA о привлечении игроков в режимы FIFA 21 с лутбоксами — в компании назвали его дезинформирующим,0.402055365900239,
https://dtf.ru/sale/715007-v-mae-podpischiki-xbox-live-gold-poluchat-lego-batman-i-tropico-4,В мае подписчики Xbox Live Gold получат Lego Batman и Tropico 4,0.452033702212953,
https://dtf.ru/cinema/714951-treyler-mini-seriala-devyat-sovsem-neznakomyh-lyudey-ot-hulu-kotoryy-pokazali-na-oskare,"Трейлер мини-сериала ""Девять совсем незнакомых людей"" от Hulu, который показали на Оскаре",0.489044098908891,
https://dtf.ru/games/695140-zakrytyy-geshtalt-obzor-nier-replicant-ver-1-22474487139,Закрытый гештальт: обзор NieR Replicant ver.1.22474487139,0.44001231151147,
https://vc.ru/media/239007-meduza-rasskazala-chem-izdaniyu-grozit-status-inoagenta-uhod-reklamodateley-i-poterya-istochnikov,"«Медуза» рассказала, чем изданию грозит статус иноагента: уход рекламодателей и потеря источников",0.425333519990896,
https://tjournal.ru/stories/373639-italyanskiy-robinzon-kruzo-pod-davleniem-vlastey-pokinet-neobitaemyy-ostrov-gde-32-goda-zhil-odin,"Итальянский «Робинзон Крузо» под давлением властей покинет необитаемый остров, где 32 года жил один",0.447901879707109,
https://tjournal.ru/tech/373584-uchenye-podklyuchili-ekzoskelet-k-neyrointerfeysu-eto-pozvolilo-muzhchine-bez-nogi-upravlyat-ustroystvom-siloy-mysli,Учёные подключили экзоскелет к нейроинтерфейсу — это позволило мужчине без ноги управлять устройством силой мысли,0.426319162038692,
https://dtf.ru/s/callofduty/715086-vse-oruzhie-v-kamuflyazhe-temnyy-efir-black-ops-cold-war,Всё оружие в камуфляже «Тёмный Эфир» Black Ops Cold War,0.507432494189772,
https://dtf.ru/retro/715061-bey-gnezdo-parazitov-obzor-strategii-starship-troopers-terran-ascendancy,Бей гнездо паразитов! Обзор стратегии Starship Troopers: Terran Ascendancy,0.44001231151147,
https://dtf.ru/avi/715074-scavengers-budet-dostupna-v-rannem-dostupe-uzhe-28-aprelya,Scavengers будет доступна в раннем доступе уже 28 апреля,0.441379174131056,
https://dtf.ru/sale/715027-novyy-vr-bandl-na-fanatical,Новый VR бандл на Fanatical,0.559066457039474,
https://dtf.ru/games/714978-anons-sorsairs-legacy,Анонс Сorsairs Legacy,0.432416250727837,
https://dtf.ru/avi/715051-novye-animirovannye-oblozhki-ot-dilana-grina,Новые анимированные обложки от Дилана Грина,0.426541582795317,
https://dtf.ru/podcasts/714765-tosibosi-vypusk-27-oskarosnosnyy,Tosibosi Выпуск 27. Оскаросносный,0.429635405006922,
https://dtf.ru/s/chess/715019-yan-nepomnyashchiy-vyigryvaet-turnir-pretendentov,Ян Непомнящий выигрывает турнир претендентов,0.429635405006922,
https://dtf.ru/games/715020-sapcom-rasshirila-dostup-k-multiplatformennomu-demo-resident-evil-village-do-vosmi-dney,Сapcom расширила доступ к мультиплатформенному демо Resident Evil Village до восьми дней,0.349671670302739,
https://dtf.ru/games/715020-capcom-prodlila-sleduyushchee-demo-resident-evil-village-do-vosmi-sutok,Capcom продлила следующее демо Resident Evil Village до восьми суток,0.401965015803355,
https://vc.ru/dev/239027-raspoznavanie-emociy-s-ispolzovaniem-neyronnoy-seti,Распознавание эмоций с использованием нейронной сети,0.431297163543839,
https://vc.ru/media/239025-tri-podhoda-k-sozdaniyu-media-produktovyy-platformennyy-i-auditornyy,"Три подхода к созданию медиа: продуктовый, платформенный и аудиторный",0.439931511816045,
https://vc.ru/services/239017-zoom-predstavil-shablony-dlya-obedineniya-uchastnikov-vstrechi-v-odnoy-virtualnoy-komnate,Zoom представил шаблоны для объединения участников встречи в одной виртуальной комнате,0.154059880085713,
https://vc.ru/claim/239013-eldorado-prodali-ayfon-s-defektom,«Эльдорадо» продали aйфон с дефектом,0.427072935523362,
https://vc.ru/marketing/237862-preodolet-strahovanie-i-nachat-inshurit-kak-mango-perevernuli-igru,Преодолеть страхование и начать иншурить: как «Манго» перевернули игру,0.431244121201225,
https://dtf.ru/games/715093-slesher-ot-pervogo-lica-succubus-vyydet-21-iyulya-v-steam,Слешер от первого лица Succubus выйдет 21 июля в Steam,0.378112262323693,
https://dtf.ru/sale/715087-chivalry-2-closed-beta-klyuch-dlya-xbox-series-s-xbox-one,Chivalry 2 Closed Beta(Ключ для Xbox Series S/Xbox One),0.141973224658145,
https://dtf.ru/games/715020-capcom-prodlila-dostup-k-finalnomu-demo-resident-evil-village-do-vosmi-sutok,Capcom продлила доступ к финальному демо Resident Evil Village до восьми суток,0.393490367674644,
https://vc.ru/transport/238961-subsidii-na-razvitie-elektricheskogo-transporta-zachem,Субсидии на развитие электрического транспорта – зачем?,0.557722033303889,
https://vc.ru/crypto/239037-kurs-bitkoina-btc-podnyalsya-na-9-7,Курс биткоина (BTC) поднялся на 9.7%,0.554485678157001,
https://vc.ru/services/239017-zoom-predstavil-shablon-v-kotorom-vseh-uchastnikov-vstrechi-pokazyvayut-v-odnoy-komnate,"Zoom представил шаблон, в котором всех участников встречи показывают в одной «комнате»",0.513358779011194,
https://habr.com/ru/post/554538/,Как начать учить английский язык и не забросить после первой недели?,0.365505210401757,
https://habr.com/ru/news/t/554544/,Добровольцы провели 40 дней в пещере,0.377294837556813,
https://habr.com/ru/news/t/554534/,Google тестирует активацию голосового помощника без кодовой фразы,0.412818864788951,
https://tjournal.ru/by/373732-chargovy-dzen-pad-akupacyyay,Чарговы дзень пад акупацыяй,0.429635405006922,
https://tjournal.ru/science/373665-uchenye-nashli-svyaz-mezhdu-vysokim-urovnem-omega-3-v-krovi-i-snizheniem-riska-smerti-na-15-18,Учёные нашли связь между высоким уровнем омега-3 в крови и снижением риска смерти на 15-18%,0.591220985158178,
https://tjournal.ru/internet/373669-ya-takoy-zhe-kak-vy-tolko-chut-bolshe-gigachad-vpervye-prokommentiroval-memy-o-sebe-i-napisal-obrashchenie-k-poklonnikam,"«Я такой же как вы, только чуть больше»: Гигачад впервые прокомментировал мемы о себе и написал обращение к поклонникам",0.422358713387182,
https://tjournal.ru/news/373698-libertarianca-svetova-arestovali-na-devyat-sutok-po-delu-o-prizyvah-k-mitingam-v-podderzhku-navalnogo,Либертарианца Светова арестовали на девять суток по делу о призывах к митингам в поддержку Навального,0.803476157421568,
https://tjournal.ru/s/chessclub/373688-rossiyskiy-grossmeyster-yan-nepomnyashchiy-poluchil-pravo-sygrat-s-deystvuyushchim-chempionom-mira-magnusom-karlsenom,Российский гроссмейстер Ян Непомнящий получил право сыграть с действующим чемпионом мира Магнусом Карлсеном,0.4993256758402,
https://tjournal.ru/by/373687-grigoriya-kostuseva-v-amerikanke-posadili-v-odnu-kameru-s-viktorom-babariko,Григория Костусева в «американке» посадили в одну камеру с Виктором Бабарико,0.450651773762792,
https://tjournal.ru/by/373668-v-minsk-vveli-spectehniku,В Минск ввели спецтехнику,0.429635405006922,
https://tjournal.ru/analysis/371065-kak-v-rossii-proshli-akcii-21-aprelya-fonariki-horovody-i-zhestokie-zaderzhaniya-s-elektroshokerami,"Как в России прошли акции 21 апреля: фонарики, хороводы и жестокие задержания с электрошокерами",0.448565533036697,
https://dtf.ru/craft/715215-mandalorec,Мандалорец,0.429635405006922,
https://dtf.ru/music/715182-spotify-obyavil-o-povyshenii-cen-na-nekotorye-tarifnye-plany-rossiyu-eto-ne-kosnetsya,Spotify объявил о повышении цен на некоторые тарифные планы — Россию это не коснётся,0.545442656752207,
https://dtf.ru/mobile/715205-apple-vypustila-ios-14-5-s-funkciey-perekalibrovki-batarei-dlya-iphone-11-i-217-novymi-emodzi,Apple выпустила iOS 14.5 с функцией перекалибровки батареи для iPhone 11 и 217 новыми эмодзи,0.152169389148198,
https://dtf.ru/coub/715207-disco-elysium-po-russkiy,Disco Elysium по русский,0.431047915220674,
https://dtf.ru/s/collection/715176-kollekciya-po-dead-space-i-kak-ya-ee-sobiral,Коллекция по Dead Space и как я ее собирал,0.388877777327534,
https://dtf.ru/s/chess/715077-turnir-pretendentov-rezultaty-13-go-tura,Турнир претендентов: результаты 13-го тура,0.429635405006922,
https://dtf.ru/s/xbox_club/715199-knockout-city-budet-dostupna-podpischikam-game-pass-ultimate-v-den-reliza,Knockout City будет доступна подписчикам Game Pass Ultimate в день релиза,0.39260256637526,
https://dtf.ru/s/racing/715164-f1-utverdila-format-sprint-kvalifikaciy,F1 утвердила формат спринт-квалификаций,0.429635405006922,
https://dtf.ru/gameindustry/715107-sber-zapustil-platformu-dlya-sozdaniya-virtualnyh-personazhey-visper,«Сбер» запустил платформу для создания виртуальных персонажей — Visper,0.147991863457671,
https://dtf.ru/games/715163-ghosts-n-goblins-resurrection-poyavilas-v-steam,Ghosts ‘n Goblins Resurrection появилась в steam,0.441628879562448,
https://dtf.ru/s/nintendoclub/715159-v-etom-godu-v-animal-crossing-new-horizons-budet-dostupen-novyy-ostrov-labirint-dlya-poseshcheniya-za-bilety,В этом году в Animal Crossing: New Horizons будет доступен новый остров-лабиринт для посещения за билеты,0.180970779319855,
https://dtf.ru/avi/715129-kak-v-microsoft-flight-simulator-vossozdali-vsyu-planetu-film-noclip-s-russkoy-ozvuchkoy,Как в Microsoft Flight Simulator воссоздали всю планету. Фильм NoClip с русской озвучкой,0.528374841901464,
https://dtf.ru/gameindustry/715117-sluh-starfield-pochti-gotova-i-mozhet-vyyti-uzhe-v-etom-godu,Слух: Starfield почти готова и может выйти уже в этом году,0.653650820415744,
https://dtf.ru/gamedev/714977-sozdaem-animaciyu-rekonstrukcii-obekta-v-blender-e,Создаем анимацию реконструкции объекта в Blender-е,0.472018836000269,
https://dtf.ru/games/715114-podrobnosti-patcha-1-2-1-dlya-assassins-creed-valhalla,Подробности патча 1.2.1 для Assassins Creed Valhalla,0.141845388921601,
https://dtf.ru/flood/715062-sotrudniki-studii-playground-games-poluchili-futbolki-podpisannye-kak-fable-dev-team,"Сотрудники студии Playground Games получили футболки, подписанные как Fable Dev Team",0.464223743422102,
https://dtf.ru/s/gachahell/715106-tem-vremenem-situaciya-vokrug-mihoyo-nakalyaetsya,"Тем временем, ситуация вокруг miHoYo накаляется",0.429320251204282,
https://dtf.ru/games/715069-prinyatie-resheniy-na-treh-urovnyah-techland-otvetila-na-voprosy-igrokov-o-dying-light-2,Принятие решений на трёх уровнях: Techland ответила на вопросы игроков о Dying Light 2,0.518572167713749,
https://dtf.ru/games/714978-ukrainskie-razrabotchiki-anonsirovali-corsairs-legacy-piratskiy-ekshen-v-duhe-korsarov,Украинские разработчики анонсировали Corsairs Legacy — пиратский экшен в духе «Корсаров»,0.438475881369735,
https://vc.ru/offline/239000-apple-zaplanirovala-investirovat-430-mlrd-v-ekonomiku-ssha-za-pyat-let,Apple запланировала инвестировать $430 млрд в экономику США за пять лет,0.45179083600886,
https://vc.ru/finance/239059-znachimost-kontrolya-rashodov,Значимость контроля расходов,0.427154226772422,
https://vc.ru/marketing/239063-sovety-dlya-onlayn-shkol,Советы для онлайн-школ,0.143839442192791,
https://vc.ru/marketing/239026-327-zayavok-po-119-rubley-v-nishe-kupolnye-doma-za-4-nedeli,327 заявок по 119 рублей в нише Купольные дома за 4 недели,0.397230302761804,
https://vc.ru/opinions/239036-seryy-rynok-kak-ne-popastsya-na-iglu-nelegalnyh-kosmetologov,«Серый рынок»: как не попасться на иглу нелегальных косметологов,0.545495322154245,
https://vc.ru/finance/239030-tinkoff-investicii-zaymutsya-organizaciey-ipo,«Тинькофф инвестиции» займутся организацией IPO,0.453991611442296,
https://vc.ru/legal/238979-kak-pravilno-rabotat-na-putinskih-mayskih-kakie-podgotovit-dokumenty-i-nuzhno-li-platit-bolshe,Как правильно работать на «путинских майских»: какие подготовить документы и нужно ли платить больше,0.655358665748252,
https://habr.com/ru/post/554558/,"Как я автоматизировал однотипную, монотонную работу бесплатно и без навыков программирования",0.4006703763843748,
https://habr.com/ru/news/t/554560/,Telegram добавил возможность принимать платежи в группах и каналах,0.4317277782230644,
https://habr.com/ru/news/t/554554/,У детей ликвидаторов чернобыльской катастрофы мутаций сверх нормы не обнаружено,0.4237934023889606,
https://tjournal.ru/tv/373733-reytingi-oskara-upali-do-rekordno-nizkogo-urovnya-v-ssha-ceremoniyu-vpervye-posmotreli-menshe-10-millionov-chelovek,Рейтинги «Оскара» упали до рекордно низкого уровня. В США церемонию впервые посмотрели меньше 10 миллионов человек,0.4559112963310029,
https://dtf.ru/life/715353-microsoft-obyavila-o-sozdanii-cifrovoy-akademii-xbox-dlya-uchenikov-starshih-klassov,Microsoft объявила о создании цифровой Академии Xbox для учеников старших классов,0.19551087237935053,
https://dtf.ru/games/715342-syuzhetnyy-treyler-fenteziynoy-rpg-dark-envoy,Сюжетный трейлер фэнтезийной РПГ Dark Envoy,0.4238970700435485,
https://dtf.ru/games/715318-kalendar-relizov-na-may-2021,Календарь релизов на май 2021,0.49170659973510605,
https://dtf.ru/kek/715334-uzhe-ne-bmw,Уже не BMW,0.43232274809167104,
https://dtf.ru/life/715299-kitay-podverg-cenzure-soobshcheniya-v-socsetyah-o-pobede-hloi-chzhao-na-oskare,Китай подверг цензуре сообщения в соцсетях о победе Хлои Чжао на «Оскаре»,0.4435711629945904,
https://dtf.ru/sale/715288-switch-skidok-ne-zhdali-a-oni-prishli,"[Switch] Скидок не ждали, а они пришли",0.43908074511877326,
https://dtf.ru/cinema/715287-hbo-nachal-semki-doma-drakona-seriala-prikvela-pesni-lda-i-plameni,HBO начал съёмки «Дома дракона» — сериала-приквела «Песни льда и пламени»,0.40287252182943933,
https://dtf.ru/s/soulslike/715293-rukodely-vossozdali-pistolet-ohotnika-iz-bloodborne,Рукоделы воссоздали пистолет охотника из bloodborne,0.5230687021375421,
https://dtf.ru/music/715294-v-prilozhenii-facebook-poyavilsya-mini-pleer-spotify-dlya-proslushivaniya-podkastov-i-muzyki,В приложении Facebook появился мини-плеер Spotify для прослушивания подкастов и музыки,0.1803664479010019,
https://dtf.ru/gamedev/714743-sheydery-chto-i-kak,Шейдеры. Что и как,0.538118978417783,
https://dtf.ru/cinema/715232-prava-na-remeyk-eshche-po-odnoy-priobrela-studiya-leonardo-di-kaprio-sam-akter-mozhet-sygrat-v-filme-glavnuyu-rol,Права на ремейк «Ещё по одной» приобрела студия Леонардо Ди Каприо. Сам актёр может сыграть в фильме главную роль,0.7061925221490122,
https://dtf.ru/cinema/715239-oskar-2021-pokazal-hudshie-reytingi-v-istorii-auditoriya-shou-za-god-obvalilas-na-58,"«Оскар-2021» показал худшие рейтинги в истории, аудитория шоу за год обвалилась на 58%",0.602171090670023,
https://dtf.ru/mobile/715205-razblokirovka-iphone-v-maske-cherez-apple-watch-zapret-trekinga-i-novye-podkasty-vyshla-ios-14-5,"Разблокировка iPhone в маске через Apple Watch, запрет трекинга и новые «Подкасты»: вышла iOS 14.5",0.43812408543227854,
https://dtf.ru/games/715117-insayder-starfield-pochti-gotova-i-mozhet-vyyti-uzhe-v-etom-godu,Инсайдер: Starfield почти готова и может выйти уже в этом году,0.7525406561220785,
https://vc.ru/claim/239114-kak-vas-obmanet-vprok-ru,Как вас обманет vprok.ru,0.42658247506805147,
https://vc.ru/ask/239113-deklaraciya-dohodov-ot-dividendov-prodazhi-akciy-kak-delat-pravilno,"Декларация доходов от дивидендов, продажи акций, как делать правильно?",0.4402698508814888,
https://vc.ru/marketing/239115-eksperiment-shabri-i-saymonsa-izbiratelnost-vnimaniya,Эксперимент Шабри и Саймонса: избирательность внимания,0.42212016311756495,
https://vc.ru/offline/239109-opros-intervyu-s-vrachami,Опрос: интервью с врачами,0.43040918027303277,
https://vc.ru/trade/239099-the-honest-company-dzhessiki-alby-sobralas-na-ipo-s-ocenkoy-1-5-mlrd-ona-prodaet-podguzniki-i-kosmetiku-po-podpiske,"The Honest Company Джессики Альбы собралась на IPO с оценкой $1,5 млрд — она продаёт подгузники и косметику по подписке",0.48130255651937476,
https://vc.ru/trade/239102-vozmozhno-li-malomu-biznesu-konkurirovat-s-krupnymi-setyami,Возможно ли Малому бизнесу конкурировать с крупными сетями?,0.5878826324504327,
https://vc.ru/tech/239091-apple-vypustila-obnovlenie-ios-14-5-s-novymi-pravilami-ob-otslezhivanii-dannyh-i-razblokirovkoy-iphone-po-apple-watch,Apple выпустила обновление iOS 14.5: с новыми правилами об отслеживании данных и разблокировкой iPhone по Apple Watch,0.48478504304239595,
https://vc.ru/social/239088-v-prilozhenii-facebook-poyavilsya-mini-pleer-spotify-dlya-proslushivaniya-podkastov-i-muzyki,В приложении Facebook появился мини-плеер Spotify для прослушивания подкастов и музыки,0.1803664479010019,
