url,title,lemmatize_title,is_interesting
https://habr.com/ru/post/554320/,Дайджест свежих материалов из мира фронтенда за последнюю неделю №464 (19 — 25 апреля 2021),"дайджест свежий материал из мир фронтенд за последний неделя апрель
",1
https://habr.com/ru/post/554318/,"Не мокайте то, чем вы не владеете","не мокать то что вы не владеть
",0
https://habr.com/ru/post/554316/,Добавляем PWA в Angular приложение,"добавлять в приложение
",0
https://habr.com/ru/post/500136/,Как вернуть былую славу 1С? (Make 1C Great Again),"как вернуть былой слава с
",0
https://habr.com/ru/post/554312/,Линейные лампы T5 в быту – отсталые технологии прошлого или…?,"линейный лампа в быт отсталый технология прошлое или
",0
https://habr.com/ru/post/554310/,Мясо из пробирки в меню заказывали?,"мясо из пробирка в меню заказывать
",1
https://habr.com/ru/post/554308/,FOSS News №67 – дайджест материалов о свободном и открытом ПО за 19–25 апреля 2021 года,"дайджест материал о свободный и открытый по за апрель год
",1
https://habr.com/ru/post/554304/,Краткая история портативного Hi-Fi или как я стал аудиофилом,"краткий история портативный или как я становиться аудиофил
",1
https://habr.com/ru/post/554144/,Что такое алгоритм? Часть 101 «Эволюция поведения»,"что такой алгоритм часть эволюция поведение
",1
https://habr.com/ru/post/554300/,Тулзы ручного тестировщика приложений на базе Windows,"тулза ручной тестировщик приложение на база
",1
https://habr.com/ru/post/550212/,"Интернет-мошенничество в регионе: почему раскрываемость низкая, а жертв все больше","интернет мошенничество в регион почему раскрываемость низкий а жертва все больше
",1
https://habr.com/ru/post/554270/,«Котовий брызгатрон» — или боевая турель против кота ^_^,"котовий брызгатрон или боевой турель против кот
",1
https://habr.com/ru/post/554066/,Яндекс.Маркет — темные паттерны монополии,"яндекс маркет темный паттерный монополия
",1
https://habr.com/ru/post/554002/,"Роскомнадзор vs «Билайн»: куры передохли, пришлите новый телескоп","роскомнадзор билайн курица передохнуть присылать новый телескоп
",1
https://habr.com/ru/post/550088/,Собеседование в Яндекс: театр абсурда :/,"собеседование в яндекс театр абсурд
",1
https://habr.com/ru/post/551218/,"Уважаемые рекрутеры, а вы не офигели?","уважаемый рекрутер а вы не офигеть
",1
https://habr.com/ru/post/549820/,"Что делать, если украли смартфон","что делать если украсть смартфон
",1
https://habr.com/ru/news/t/554330/,"OneWeb с Восточного. Запуски года: 32 всего, 7 от России","с восточный запуск год всего от россия
",1
https://habr.com/ru/news/t/554306/,Российскую станцию полностью развернут на орбите не раньше 2035 года,"российский станция полностью развертывать на орбита не рано год
",1
https://habr.com/ru/news/t/554262/,Марсианский вертолет «Индженьюити» успешно совершил третий полет,"марсианский вертолет индженьюити успешно совершать третий полет
",1
https://habr.com/ru/news/t/554232/,Разработчики Миннесотского университета опубликовали открытое письмо с извинениями сообществу Linux,"разработчик миннесотский университет опубликовывать открывать письмо с извинение сообщество
",1
https://habr.com/ru/news/t/554226/,Принципы работы AirTag: все особенности,"принцип работа весь особенность
",1
https://habr.com/ru/news/t/554220/,"Американские военные хотят, чтобы SpaceX создала миниатюрную антенну Starlink с батареей","американский военный хотеть чтобы создавать миниатюрный антенна с батарея
",1
https://habr.com/ru/news/t/554198/,"Apple получила иск за бан аккаунта пользователя с контентом на нём стоимостью 24,5 тыс. $","получать иск за бан аккаунт пользователь с контент на он стоимость тыс
",1
https://habr.com/ru/news/t/554168/,Новое поколение мягких роботов плавает почти в 800 раз быстрее,"новый поколение мягкий робот плавать почти в раз быстро
",0
https://habr.com/ru/news/t/554164/,У дельфинов мужского пола обнаружили представление о командной работе,"у дельфин мужской пол обнаруживать представление о командный работа
",0
https://habr.com/ru/news/t/554162/,Американский мёд до сих пор радиоактивен из-за ядерных испытаний,"американский мед до сей пора радиоактивный из за ядерный испытание
",0
https://habr.com/ru/news/t/554152/,Найдена потенциальная замена опиоидам,"находить потенциальный замена опиоид
",1
https://habr.com/ru/news/t/554146/,"Испанские исследователи оценили, как легко ИИ может повлиять на политические или романтические предпочтения","испанский исследователь оценивать как легко ия мочь повлиять на политический или романтический предпочтение
",1
https://habr.com/ru/news/t/554136/,"Совместимость, конфигурации и цвета: что не показала Apple на презентации","совместимость конфигурация и цвет что не показывать на презентация
",1
https://habr.com/ru/news/t/554122/,Мыши продемонстрировали неожиданные способности к абстракции и делению объектов на категории,"мышь продемонстрировать неожиданный способность к абстракция и деление объект на категория
",1
https://habr.com/ru/news/t/554120/,"Ученые ИТМО разрабатывают лазерную «кисть», которой можно будет рисовать по металлу без краски","ученый итмо разрабатывать лазерный кисть который можно быть рисовать по металл без краска
",0
https://habr.com/ru/news/t/554116/,РКН обвинил YouTube в цензуре СМИ и потребовал снять ограничения с канала Russia Today,"РКН обвинять в цензура сми и потребовать снимать ограничение с канал
",1
https://habr.com/ru/news/t/554110/,Журнал Consumer Reports проверил: автопилот Tesla работает с пустым водительским креслом,"журнал проверять автопилот работать с пустой водительский кресло
",0
https://habr.com/ru/news/t/554106/,Британский суд снял обвинения с 39 работников почты. Их ложно обвинили в краже из-за ошибки ПО,"британский суд снимать обвинение с работник почта они ложно обвинять в кража из за ошибка по
",1
https://habr.com/ru/news/t/554092/,Основатель турецкой криптобиржи Thodex сбежал с 2 млрд $,"основатель турецкий криптобиржа сбегать с млрд
",0
https://habr.com/ru/news/t/554088/,Линус Торвальдс прокомментировал бан Миннесотского университета сообществом разработчиков Linux,"линус торвальдс прокомментировать бан миннесотский университет сообщество разработчик
",0
https://tjournal.ru/tv/373364-oskar-2021-obnovlyaemyy-material,«Оскар-2021»: обновляемый материал,"оскар обновлять материал
",0
https://tjournal.ru/by/373312-tv-pro-pokushenie-na-lukashenko-zagovorshchiki-gotovili-vtorzhenie-iz-litvy-na-150-vnedorozhnikah-pulemetami,ТВ про «покушение» на Лукашенко: заговорщики готовили вторжение из Литвы на 150 внедорожниках пулеметами,"тв про покушение на лукашенко заговорщик готовить вторжение из литва на внедорожник пулемет
",1
https://tjournal.ru/by/373311-o-totalnom-lesopovale-v-belarusi,О тотальном лесоповале в Беларуси,"о тотальный лесоповал в беларусь
",1
https://tjournal.ru/news/373299-nikto-i-nikogda-ne-vernetsya-v-2006-god,Никто и никогда не вернётся в 2006 год,"никто и никогда не вернуться в год
",0
https://tjournal.ru/tv/373256-v-multseriale-pinki-i-breyn-vesma-zloveshchiy-podtekst,"В  мультсериале ""Пинки и Брейн"" весьма зловещий подтекст!","в мультсериал пинок и брейн весьма зловещий подтекст
",1
https://tjournal.ru/music/373255-eksperiment-chitatelya-tj,Эксперимент читателя TJ,"эксперимент читатель
",0
https://tjournal.ru/news/373201-v-indonezii-nashli-propavshuyu-podlodku-ona-razvalilas-na-chasti-vse-chleny-ekipazha-pogibli,"В Индонезии нашли пропавшую подлодку — она развалилась на части, все члены экипажа погибли","в индонезия находить пропадать подлодка она разваливаться на часть весь член экипаж погибать
",0
https://tjournal.ru/news/373185-minprosveshcheniya-proverit-vse-shkolnye-uchebniki-istorii-posle-kritiki-putina-on-schitaet-chto-tam-pishut-ne-pro-nas,"Минпросвещения проверит все школьные учебники истории после критики Путина — он считает, что там пишут «не про нас»","минпросвещение проверять весь школьный учебник история после критика путин он считать что там писать не про мы
",1
https://tjournal.ru/news/373149-foto-v-indii-szhigayut-trupy-pogibshih-ot-koronavirusa,Фото: В Индии сжигают трупы погибших от коронавируса,"фото в индия сжигать труп погибать от коронавирус
",0
https://tjournal.ru/analysis/372757-ot-lekcii-pro-kosmos-do-master-klassa-po-manikyuru-chto-mogut-ogranichit-po-zakonu-o-prosvetitelskoy-deyatelnosti,От лекции про космос до мастер-класса по маникюру: что могут ограничить по закону о просветительской деятельности,"от лекция про космос до мастер класс по маникюр что мочь ограничивать по закон о просветительский деятельность
",1
https://tjournal.ru/news/373157-zachem-rogozin-oproverg-peregovory-so-spacex-o-polete-rossiyskih-kosmonavtov-na-crew-dragon,«Зачем?»: Рогозин опроверг переговоры со SpaceX о полёте российских космонавтов на Crew Dragon,"зачем рогозин опровергать переговоры со о полет российский космонавт на
",1
https://tjournal.ru/news/373099-medvedev-ispravil-oshibku-v-kolonke-pro-otnosheniya-rossii-i-ssha-posle-togo-kak-na-nee-obratila-vnimanie-meduza,"Медведев исправил ошибку в колонке про отношения России и США после того, как на неё обратила внимание «Медуза»","медведев исправлять ошибка в колонка про отношение россия и сша после то как на она обращать внимание медуза
",0
https://tjournal.ru/news/373031-putin-nagradil-zhirinovskogo-ordenom-za-zaslugi-pered-otechestvom-i-stepeni,Путин наградил Жириновского орденом «За заслуги перед Отечеством» I степени,"путин награждать жириновский орден за заслуга перед отечество степень
",0
https://tjournal.ru/news/370018-v-chechne-synu-kadyrova-prisudili-pobedu-na-turnire-po-boksu-srazu-posle-togo-kak-ego-nachal-bit-sopernik,"В Чечне сыну Кадырова присудили победу на турнире по боксу — сразу после того, как его начал бить соперник","в чечня сын кадыров присуждать победа на турнир по бокс сразу после то как он начинать бить соперник
",1
https://tjournal.ru/u/133505-nikita-cheban/370493-moya-nebolshaya-kosmicheskaya-programma,Моя небольшая космическая программа,"мой небольшой космический программа
",1
https://tjournal.ru/u/453-zoibana/371761-4-mesyaca-s-macbook-pro-m1-bonus,4 месяца с Macbook Pro M1 + бонус,"месяц с бонус
",1
https://tjournal.ru/stories/370209-otchayannye-bezbiletniki-kak-migranty-pryachutsya-v-otsekah-shassi-i-pochemu-eto-smertelno-opasno,Отчаянные безбилетники: как мигранты прячутся в отсеках шасси и почему это смертельно опасно,"отчаянный безбилетник как мигрант прятаться в отсек шасси и почему это смертельно опасный
",0
https://tjournal.ru/news/372226-aleksey-navalnyy-obyavil-o-vyhode-iz-golodovki,Алексей Навальный объявил о выходе из голодовки,"алексей навальный объявлять о выход из голодовка
",1
https://tjournal.ru/internet/372941-v-nebraske-sotni-lyudey-pouchastvovali-v-bitve-dzhoshey-za-pravo-sohranit-imya-pobedil-pyatiletniy-dzhosh,В Небраске сотни людей поучаствовали в «битве Джошей» за право сохранить имя. Победил пятилетний Джош,"в небраска сотня человек поучаствовать в битва джош за право сохранять имя побеждать пятилетний джош
",0
https://tjournal.ru/internet/370751-polzovateli-socsetey-zapodozrili-sayt-gosuslug-v-slive-dannyh-storonnikov-fbk,Пользователи соцсетей заподозрили сайт Госуслуг в сливе данных сторонников ФБК,"пользователь соцсеть заподозривать сайт госуслуга в слива данные сторонник ФБК
",1
https://tjournal.ru/internet/372153-turist-zabludilsya-v-kaliforniyskom-lesu-ego-tochnoe-mestonahozhdenie-opredelil-entuziast-po-mylnomu-foto-nog,Турист заблудился в калифорнийском лесу. Его точное местонахождение определил энтузиаст по «мыльному» фото ног,"турист заблудиться в калифорнийский лес его точный местонахождение определять энтузиаст по мыльный фото нога
",1
https://tjournal.ru/news/372885-mihaila-svetova-zaderzhali-posle-obyska-po-delu-dvuhletney-davnosti-k-nemu-ne-dopustili-advokata,Михаила Светова задержали после обыска по делу двухлетней давности. К нему не допустили адвоката,"михаил светов задерживать после обыск по дело двухлетний давность к он не допускать адвокат
",1
https://tjournal.ru/news/370860-zelenskiy-predlozhil-putinu-vstretitsya-v-lyuboy-tochke-ukrainskogo-donbassa-gde-idet-voyna,"Зеленский предложил Путину встретиться «в любой точке украинского Донбасса, где идёт война»","зеленский предлагать путин встречаться в любой точка украинский донбасс где идти война
",1
https://tjournal.ru/news/371054-pryamaya-translyaciya-protestnye-akcii-21-aprelya-v-den-poslaniya-putina,Прямая трансляция: Протестные акции 21 апреля — в день послания Путина,"прямой трансляция протестный акция апрель в день послание путин
",1
https://tjournal.ru/internet/345482-poka-ne-prishel-chrome-istoriya-voyny-brauzerov-za-lyubov-polzovateley,Пока не пришёл Chrome: история войны браузеров за любовь пользователей,"пока не приходить история война браузер за любовь пользователь
",1
https://tjournal.ru/science/371665-kaliforniyskie-uchenye-sozdali-plastik-kotoryy-polnostyu-razlagaetsya-v-vode-ili-kompostnoy-yame,"Калифорнийские учёные создали пластик, который полностью разлагается в воде или компостной яме","калифорнийский ученый создавать пластик который полностью разлагаться в вода или компостный яма
",1
https://tjournal.ru/news/371001-rosstat-otlozhil-publikaciyu-dannyh-o-realnyh-dohodah-rossiyan-pered-poslaniem-putina,Росстат отложил публикацию данных о реальных доходах россиян перед посланием Путина,"росстат откладывать публикация данные о реальный доход россиянин перед послание путин
",1
https://tjournal.ru/science/371538-rover-perseverance-vpervye-poluchil-kislorod-iz-atmosfery-marsa,Ровер Perseverance впервые получил кислород из атмосферы Марса,"ровер впервые получать кислород из атмосфера марс
",1
https://tjournal.ru/internet/370559-krasnodarcy-sozdali-pravdivyy-akkaunt-mestnogo-vodokanala-v-organizacii-eto-poschitali-cifrovym-ekstremizmom,Краснодарцы создали «правдивый» аккаунт местного водоканала. В организации это посчитали «цифровым экстремизмом»,"краснодарец создавать правдивый аккаунт местный водоканал в организация это посчитать цифровой экстремизм
",1
https://tjournal.ru/analysis/370637-chto-proishodit-pered-21-aprelya-dnem-poslaniya-putina-i-mitingov-v-podderzhku-navalnogo,Что происходит перед 21 апреля — днём послания Путина и митингов в поддержку Навального,"что происходить перед апрель день послание путин и митинг в поддержка навальный
",1
https://tjournal.ru/news/371641-v-habarovske-glyby-lda-vyshli-na-bereg-i-povredili-ograzhdenie-naberezhnoy,В Хабаровске глыбы льда вышли на берег и повредили ограждение набережной,"в хабаровск глыба лед выходить на берег и повреждать ограждение набережная
",0
https://tjournal.ru/news/372697-yaponec-zavel-otnosheniya-odnovremenno-s-35-devushkami-radi-podarkov-na-den-rozhdeniya-ego-arestovali,Японец завёл отношения одновременно с 35 девушками ради подарков на день рождения. Его арестовали,"японец заводить отношение одновременно с девушка ради подарок на день рождение он арестовывать
",0
https://tjournal.ru/u/134782-mister-blondin/370944-trevel-shou-ishchem-chuzhie-zakladki-v-pole-vesnoy,Тревел-шоу «Ищем чужие закладки в поле весной»,"тревел шоу искать чужой закладка в поле весна
",0
https://tjournal.ru/internet/370229-roskomnadzor-potreboval-ot-fbk-udalit-video-s-anonsom-akcii-21-aprelya,Роскомнадзор потребовал от ФБК удалить видео с анонсом акции 21 апреля,"роскомнадзор потребовать от ФБК удалять видео с анонс акция апрель
",1
https://tjournal.ru/by/372645-posolstvo-rossii-v-belorussii-otvetilo-na-soobshchenie-o-vysylke-rossiyskih-diplomatov-tegom-smalldickenergy,Посольство России в Белоруссии ответило на сообщение о высылке российских дипломатов тегом #SmallDickEnergy,"посольство россия в белоруссия отвечать на сообщение о высылка российский дипломат тег
",1
https://tjournal.ru/news/372059-koordinator-rostovskogo-shtaba-navalnogo-rasskazala-o-pytkah-v-policii-posle-zaderzhaniya,Координатор ростовского штаба Навального рассказала о пытках в полиции после задержания,"координатор ростовский штаб навальный рассказывать о пытка в полиция после задержание
",1
https://tjournal.ru/news/370330-sud-zasekretil-materialy-dela-o-priznanii-fbk-ekstremistskoy-organizaciey,Суд засекретил материалы дела о признании ФБК экстремистской организацией,"суд засекречивать материал дело о признание ФБК экстремистский организация
",1
https://tjournal.ru/tech/371466-komanda-signal-rasskazala-ob-uyazvimostyah-v-cellebrite-po-kotoroe-specsluzhby-ispolzuyut-dlya-vzloma-smartfonov,"Команда Signal рассказала об уязвимостях в Cellebrite — ПО, которое спецслужбы используют для взлома смартфонов","команда рассказывать об уязвимость в по который спецслужба использовать для взлом смартфон
",1
https://tjournal.ru/news/369677-fbk-obyavil-ob-akcii-v-podderzhku-navalnogo-21-aprelya,ФБК объявил об акции в поддержку Навального 21 апреля,"ФБК объявлять об акция в поддержка навальный апрель
",1
https://tjournal.ru/news/361114-drugih-metodov-borby-net-navalnyy-obyavil-golodovku-v-kolonii,«Других методов борьбы нет»: Навальный объявил голодовку в колонии,"другой метод борьба нет навальный объявлять голодовка в колония
",1
https://tjournal.ru/science/361885-kometa-borisova-drevneyshaya-bakteriya-arm-v9-i-apgreyd-ssha-chto-proizoshlo-v-nauke-i-tehnologiyah-na-etoy-nedele,"Комета Борисова, древнейшая бактерия, ARM v9 и «апгрейд» США — что произошло в науке и технологиях на этой неделе","комета борисова древний бактерия и апгрейд сша что происходить в наука и технология на этот неделя
",1
https://tjournal.ru/news/369173-bolee-70-pisateley-publicistov-akterov-i-uchenyh-so-vsego-mira-prizvali-putina-obespechit-medpomoshch-navalnomu,"Более 70 писателей, публицистов, актёров и учёных со всего мира призвали Путина обеспечить медпомощь Навальному","много писатель публицист актер и ученый со весь мир призывать путин обеспечивать медпомощь навальный
",1
https://tjournal.ru/internet/360095-v-ssha-brodyachego-psa-pyat-raz-zastali-za-krazhey-plyushevogo-edinoroga-iz-magazina-emu-kupili-igrushku-i-nashli-hozyaev,В США бродячего пса пять раз застали за кражей плюшевого единорога из магазина. Ему купили игрушку и нашли хозяев,"в сша бродячий пес пять раз заставать за кража плюшевый единорог из магазин он купить игрушка и находить хозяин
",0
https://tjournal.ru/animals/358775-v-primore-v-videolovushku-popala-semya-samyh-redkih-dalnevostochnyh-leopardov,В Приморье в видеоловушку попала семья «самых редких» дальневосточных леопардов,"в приморье в видеоловушка попадать семья самый редкий дальневосточный леопард
",0
https://tjournal.ru/guest/367454-gost-tj-brendan-ayk-soosnovatel-mozilla-i-sozdatel-yazyka-javascript,Гость TJ: Брендан Айк — сооснователь Mozilla и создатель языка JavaScript,"гость брендан айк сооснователь и создатель язык
",1
https://tjournal.ru/internet/366736-v-krasnoyarske-porvalas-naduvnaya-figura-kosmonavta-ustanovlennaya-ko-dnyu-kosmonavtiki,"В Красноярске порвалась надувная фигура космонавта, установленная ко Дню космонавтики","в красноярск порваться надувной фигура космонавт устанавливать ко день космонавтика
",0
https://tjournal.ru/news/368926-prokuratura-moskvy-podala-isk-o-priznanii-fbk-i-shtabov-navalnogo-ekstremistskimi-organizaciyami,Прокуратура Москвы подала иск о признании ФБК и «Штабов Навального» экстремистскими организациями,"прокуратура москва подавать иск о признание ФБК и штаб навальный экстремистский организация
",1
https://tjournal.ru/news/368310-fbk-rasskazal-o-lyubimoy-i-samoy-sekretnoy-dache-putina-na-valdae-glavnoe,ФБК рассказал о «любимой и самой секретной даче Путина» на Валдае. Главное,"ФБК рассказывать о любимый и самый секретный дача путин на валдай главное
",1
https://tjournal.ru/science/359275-pochemu-kosmos-molchit-tak-uzh-li-paradoksalen-paradoks-fermi,Почему космос молчит: так уж ли парадоксален парадокс Ферми?,"почему космос молчать так уж ли парадоксальный парадокс ферми
",1
https://tjournal.ru/analysis/355161-estetika-eb-y-kak-romantiziruyut-gorodskie-okrainy-i-pochemu-bezuslovnaya-hton-stala-elementom-massovoy-kultury,«Эстетика еб***й»: как романтизируют городские окраины и почему безусловная хтонь стала элементом массовой культуры,"эстетика ебать й как романтизировать городской окраина и почему безусловный хтоня становиться элемент массовый культура
",1
https://tjournal.ru/stories/362597-uslyshal-spidoznyy-p-i-poluchil-silnyy-udar-v-lico-monolog-peterburzhca-izbitogo-za-intervyu-tj-o-vich-statuse,"Услышал «спидозный п****» и получил сильный удар в лицо: монолог петербуржца, избитого за интервью TJ о ВИЧ-статусе","услышать спидозный п и получать сильный удар в лицо монолог петербуржец избивать за интервью о вич статус
",1
https://tjournal.ru/internet/358487-v-poiskah-klokmena-kak-internet-pyat-let-iskal-uteryannyy-zhutkiy-multfilm-po-detskim-vospominaniyam-odnogo-cheloveka,В поисках Клокмэна: как интернет пять лет искал утерянный жуткий мультфильм по детским воспоминаниям одного человека,"в поиск клокмэн как интернет пять год искать утерять жуткий мультфильм по детский воспоминание один человек
",1
https://tjournal.ru/stories/362811-teatr-odnogo-zritelya-istoriya-prevrashcheniya-kolymy-v-blagopoluchnuyu-derevnyu-na-radost-vice-prezidentu-ssha,Театр одного зрителя: история превращения Колымы в «благополучную» деревню на радость вице-президенту США,"театр один зритель история превращение колыма в благополучный деревня на радость вица президент сша
",1
https://tjournal.ru/internet/365393-kraken-ne-to-chem-kazhetsya-tred-o-tom-kak-legendy-o-morskih-chudovishchah-mozhno-obyasnit-eregirovannymi-penisami-kitov,"Кракен — не то, чем кажется: тред о том, как легенды о морских чудовищах можно объяснить эрегированными пенисами китов","кракен не то чем кажется тред о то как легенда о морской чудовище можно объяснять эрегировать пенис кит
",0
https://tjournal.ru/news/358948-predstavlyayu-kak-budu-hodit-po-zone-so-stilnoy-trostyu-navalnyy-rasskazal-o-svoem-zdorove-i-lechenii-v-kolonii,"«Представляю, как буду ходить по зоне со стильной тростью»: Навальный рассказал о своём здоровье и лечении в колонии","представлять как быть ходить по зона со стильный трость навальный рассказывать о свой здоровье и лечение в колония
",1
https://tjournal.ru/news/368255-zhitelnica-krakova-vyzvala-sluzhbu-zashchity-zhivotnyh-iz-za-strannogo-zverya-na-dereve-okazalos-chto-eto-kruassan,"Жительница Кракова вызвала службу защиты животных из-за странного зверя на дереве. Оказалось, что это круассан","жительница краков вызывать служба защита животное из за странный зверь на дерево оказываться что это круассан
",0
https://tjournal.ru/news/366459-gollandskiy-telekanal-obnarodoval-razgovory-obvinyaemyh-v-krushenii-boeing-mh-17-v-nih-obsuzhdayut-plan-evakuacii-buka,Голландский телеканал обнародовал разговоры обвиняемых в крушении Boeing MH-17. В них обсуждают план эвакуации «Бука»,"голландский телеканал обнародоваться разговор обвиняемый в крушение в они обсуждать план эвакуация бук
",1
https://tjournal.ru/science/362997-slabaya-atmosfera-zhestokie-morozy-i-nikakoy-pomoshchi-s-zemli-v-kakih-usloviyah-pridetsya-letat-vertoletu-na-marse,"Слабая атмосфера, жестокие морозы и никакой помощи с Земли: в каких условиях придётся летать вертолёту на Марсе","слабый атмосфера жестокий мороз и никакой помощь с земля в какой условие приходиться летать вертолет на марс
",1
https://tjournal.ru/animals/361456-v-turcii-ulichnaya-koshka-prinesla-svoih-kotyat-v-bolnicu-posle-lecheniya-im-nachali-iskat-hozyaev,В Турции уличная кошка принесла своих котят в больницу. После лечения им начали искать хозяев,"в турция уличный кошка приносить свой котенок в больница после лечение они начинать искать хозяин
",0
https://dtf.ru/s/titanfall/714429-obozhayu-fanatskoe-tvorchestvo,Обожаю фанатское творчество,"обожать фанатский творчество
",0
https://dtf.ru/indie/714380-move-forward-moy-pervyy-opyt-v-geymdeve,Move Forward - мой первый опыт в геймдеве,"мой первый опыт в геймдев
",0
https://dtf.ru/cinema/714235-oskar-2021-obnovlyaemyy-material-s-pobeditelyami,«Оскар-2021»: обновляемый материал с победителями,"оскар обновлять материал с победитель
",0
https://dtf.ru/music/714406-zaryad-na-den,Заряд на день,"заряд на день
",0
https://dtf.ru/s/xbox_club/714402-u-vseh-betka-chivalry-2-artefachit-na-bokse,У всех бетка Chivalry 2 артефачит на боксе?,"у все бетка артефачит на бокс
",0
https://dtf.ru/cinema/714395-treyler-vtorogo-sezona-seriala-obnazhennyy-rezhisser-the-naked-director-zenra-kantoku,Трейлер второго сезона сериала Обнаженный режиссер (The Naked Director, Zenra Kantoku),0
https://dtf.ru/indie/713088-obyasnyayu-kazhduyu-strochku-ya-snova-vyhozhu-na-svyaz,«Объясняю каждую строчку» — я снова выхожу на связь,"объяснять каждый строчка я снова выходить на связь
",0
https://dtf.ru/s/xbox_club/714375-sluh-reliz-stalker-2-mozhet-sostoyatsya-v-konce-etogo-goda,Слух: Релиз STALKER 2 может состояться в конце этого года,"слух релиз мочь состояться в конец этот год
",1
https://dtf.ru/screenshots/714348-anomalnoe-postsovetskoe-prostranstvo,Аномальное постсоветское пространство,"аномальный постсоветский пространство
",1
https://dtf.ru/cinema/714243-religiya-v-multseriale-family-guy-griffiny,"Религия в мультсериале ""Family Guy"" (""Гриффины"")","религия в мультсериал гриффин
",0
https://dtf.ru/music/714339-go-a-shum,Go_A -ШУМ,"шум
",0
https://dtf.ru/craft/714323-luchshe-raboty-2020-chast-2,Лучше работы 2020 [часть 2],"хорошо работа часть
",0
https://dtf.ru/cinema/645693-oficialnyy-poster-85-y-ceremonii-oskar,Официальный постер 85-й церемонии «Оскар»,"официальный постер й церемония оскар
",0
https://dtf.ru/craft/714319-luchshe-raboty-2020-chast-1,Лучше работы 2020 [часть 1],"хорошо работа часть
",0
https://dtf.ru/kek/714309-izvinite,Извините,"извинять
",0
https://dtf.ru/hard/714259-kitayskaya-kompaniya-onda-anonsirovala-materinskuyu-platu-s-32-sata-portami-dlya-zhestkih-i-tverdotelnyh-nakopiteley,Китайская компания Onda анонсировала материнскую плату с 32 SATA-портами для жёстких и твердотельных накопителей,"китайский компания анонсировать материнский плата с порт для жесткий и твердотельный накопитель
",0
https://dtf.ru/s/playstation/714267-vedushchaya-hudozhnica-po-osveshcheniyu-v-blue-sky-prisoedinilas-k-naughty-dog,Ведущая художница по освещению в Blue Sky присоединилась к Naughty Dog,"ведущая художница по освещение в присоединяться к
",0
https://dtf.ru/indie/714279-nemnogo-o-dematerializacii-v-nashey-igre,Немного о дематериализации в нашей игре,"немного о дематериализация в наш игра
",0
https://dtf.ru/life/714165-toddu-govardu-ispolnilos-50-let,Тодду Говарду исполнилось 50 лет,"тодда говард исполняться год
",0
https://dtf.ru/gameindustry/714143-spustya-3-goda-ya-vse-eshche-poluchala-menshe-mladshego-razrabotchika-tred-s-obsuzhdeniyami-zarplaty-v-igrovoy-industrii,"""Спустя 3 года, я все еще получала меньше младшего разработчика"": тред с обсуждениями зарплаты в игровой индустрии","спустя год я все еще получать маленький младший разработчик тред с обсуждение зарплата в игровой индустрия
",0
https://dtf.ru/games/712331-28-let-tvorchestva-luchshie-modifikacii-dlya-doom,28 лет творчества: лучшие модификации для Doom,"год творчество хороший модификация для
",0
https://dtf.ru/life/714094-kak-zakon-o-prosvetitelskoy-deyatelnosti-skazhetsya-na-igrovoy-industrii-stoit-li-boyatsya-zapreta-gaydov-i-indi-mitapov,Как закон о просветительской деятельности скажется на игровой индустрии— стоит ли бояться запрета гайдов и инди-митапов,"как закон о просветительский деятельность сказываться на игровой индустрия стоить ли бояться запрет гайд и инди митапов
",1
https://dtf.ru/gamedev/708463-kak-sozdat-animaciyu-sobirayushchegosya-obekta-kratkiy-tutorial,Как создать анимацию собирающегося объекта — краткий туториал,"как создавать анимация собираться объект краткий туториал
",0
https://dtf.ru/gameindustry/714142-ocherednoy-sotrudnik-studii-microsoft-the-initiative-ushedshiy-iz-naughty-dog-vernulsya-obratno-v-playstation,"Очередной сотрудник студии Microsoft The Initiative, ушедший из Naughty Dog, вернулся обратно в PlayStation","очередной сотрудник студия уходить из вернуться обратно в
",0
https://dtf.ru/kek/714111-aktery-so-svoimi-molodymi-versiyami,Актеры со своими молодыми версиями,"актер со свой молодой версия
",0
https://dtf.ru/music/713878-kak-ya-pisal-muzyku-dlya-personazhey-mortal-kombat,Как я писал музыку для персонажей Mortal Kombat,"как я писать музыка для персонаж
",0
https://dtf.ru/games/714189-resident-evil-7-8-1080p-vs-900p-geyming-v-2021-godu,Resident evil 7/8 - 1080p vs 900p гейминг в 2021 году,"гейминг в год
",1
https://dtf.ru/gameindustry/714069-nier-replicant-ver-1-22474487139-startovala-s-pervoy-strochki-v-nedelnom-charte-steam,NieR Replicant ver.1.22474487139... стартовала с первой строчки в недельном чарте Steam,"стартовать с первый строчка в недельный чарт
",0
https://dtf.ru/avi/713761-dzhek-blek-i-kapitan-amerika,Джек Блэк и Капитан Америка,"джек блэк и капитан америка
",0
https://dtf.ru/gameindustry/713842-bild-otmenennogo-ekshena-kapitan-blad-ot-1s-utek-v-set,Билд отменённого экшена «Капитан Блад» от «1С» утёк в сеть,"билд отменять экшено капитан блад от с утекать в сеть
",1
https://dtf.ru/hard/710410-gnut-svoyu-liniyu-kak-nintendo-prodali-mne-bukvalno-krivuyu-konsol-i-obvinili-v-narushenii-garantii,Гнут свою линию: как Nintendo продали мне буквально кривую консоль и обвинили в нарушении гарантии,"гнуть свой линия как продавать я буквально кривой консоль и обвинять в нарушение гарантия
",1
https://dtf.ru/cinema/710452-otrestavrirovannyy-vlastelin-kolec-v-kinoteatre-ne-otrestavrirovannyy,Отреставрированный «Властелин колец» в кинотеатре — не отреставрированный,"отреставрировать властелин кольцо в кинотеатр не отреставрировать
",0
https://dtf.ru/games/707684-ty-vse-eshche-dumaesh-chto-lor-assasinov-polnoe-d-o,"Ты всё еще думаешь, что лор Ассасинов полное д****о?","ты все еще думать что лор ассасин полный д о
",0
https://dtf.ru/cinema/709383-pochemu-rossiyskie-strimingovye-servisy-nikogda-ne-budut-luchshe-piratstva,Почему российские стриминговые сервисы никогда не будут лучше пиратства,"почему российский стриминговый сервис никогда не быть хороший пиратство
",1
https://dtf.ru/cinema/711060-v-poiskah-zavetnogo-4k-kak-perevypusk-vlastelina-kolec-v-kinoteatrah-rf-obernulsya-skandalom,В поисках заветного 4K: как перевыпуск «Властелина колец» в кинотеатрах РФ обернулся скандалом,"в поиск заветный как перевыпуск властелин кольцо в кинотеатр рф обертываться скандал
",0
https://dtf.ru/cinema/708072-vtoroy-sezon-lyubov-smert-roboty-vyydet-14-maya-tretya-chast-antologii-zaplanirovana-na-2022-god,Второй сезон «ЛЮБОВЬ. СМЕРТЬ. РОБОТЫ» выйдет 14 мая. Третья часть антологии запланирована на 2022 год,"второй сезон любовь смерть робот выходить май третий часть антология запланировать на год
",0
https://dtf.ru/gameindustry/708238-sony-ne-budet-zakryvat-cifrovye-magaziny-na-ps3-i-ps-vita,Sony не будет закрывать цифровые магазины на PS3 и PS Vita,"не быть закрывать цифровой магазин на и
",0
https://dtf.ru/life/710953-ocherednaya-grustnaya-istoriya-otmenennogo,Очередная грустная история «отменённого»,"очередной грустный история отменять
",1
https://dtf.ru/avi/708801-strimer-carnyjared-pervym-proshel-odnu-iz-samyh-slozhnyh-polzovatelskih-pesen-guitar-hero-na-100-i-za-odno-kombo,Стример CarnyJared первым прошёл одну из самых сложных пользовательских песен Guitar Hero на 100% и за одно комбо,"стример первый проходить один из самый сложный пользовательский песня на и за один комбо
",0
https://dtf.ru/gameindustry/710207-microsoft-ubrala-neobhodimost-podpiski-na-live-gold-dlya-igry-v-uslovno-besplatnye-taytly-na-xbox,Microsoft убрала необходимость подписки на Live Gold для игры в условно-бесплатные тайтлы на Xbox,"убирать необходимость подписка на для игра в условно бесплатный тайтлы на
",0
https://dtf.ru/hard/710375-koreyskiy-hudozhnik-sozdal-bluetooth-kolonku-ispolzuyushchuyu-ferromagnitnuyu-zhidkost-v-kachestve-vizualizatora,"Корейский художник создал Bluetooth-колонку, использующую ферромагнитную жидкость в качестве визуализатора","корейский художник создавать колонка использовать ферромагнитный жидкость в качество визуализатор
",0
https://dtf.ru/life/712985-eks-strimer-phantoml0rd-otsudil-u-twitch-20-tysyach-dollarov-za-blokirovku-ego-kanala-i-obvineniya-v-moshennichestve,Экс-стример PhantomL0rd отсудил у Twitch 20 тысяч долларов за блокировку его канала и обвинения в мошенничестве,"экс стример отсуживать у тысяча доллар за блокировка его канал и обвинение в мошенничество
",0
https://dtf.ru/games/711338-tovara-net-v-nalichii-kakie-igry-seychas-nelzya-kupit-v-cifre,Товара нет в наличии: какие игры сейчас нельзя купить в «цифре»,"товар нет в наличие какой игра сейчас нельзя купить в цифра
",0
https://dtf.ru/sale/708575-v-ps-store-nachalas-razdacha-horizon-zero-dawn-complete-edition,В PS Store началась раздача Horizon Zero Dawn Complete Edition,"в начинаться раздача
",1
https://dtf.ru/sale/711968-m-video-zapretila-tratit-bonusy-na-konsoli-aksessuary-i-tovary-s-metkoy-finalnaya-cena-eto-bolshinstvo-igr,"«М.Видео» запретила тратить бонусы на консоли, аксессуары и товары с меткой «Финальная цена» — это большинство игр","м видео запрещать тратить бонус на консоль аксессуар и товар с меткий финальный цена этот большинство игра
",0
https://dtf.ru/games/710048-igrok-iz-the-lord-of-the-rings-online-prokachal-svoego-hobbita-do-130-urovnya-na-odnoy-lish-vypechke-pirogov,Игрок из The Lord of the Rings Online прокачал своего хоббита до 130 уровня на одной лишь выпечке пирогов,"игрок из прокачивать свой хоббит до уровень на один лишь выпечка пирог
",0
https://dtf.ru/games/700396-eshche-ne-pozdno-chto-stoit-kupit-dlya-ps3-i-vita-raz-uzh-sony-peredumala-otklyuchat-ps-store,"Ещё не поздно: что стоит купить для PS3 и Vita, раз уж Sony передумала отключать PS Store","еще не поздно что стоить купить для и раз уж передумывать отключать
",0
https://dtf.ru/kek/708683-klassika,Классика,"классика
",0
https://dtf.ru/avi/708135-animirovannaya-oblozhka-dlya-korobki-demon-s-souls,Анимированная обложка для коробки Demon's Souls,"анимированный обложка для коробка
",0
https://dtf.ru/gameindustry/709321-geymdirektor-overwatch-dzheff-kaplan-pokidaet-blizzard-posle-19-let-raboty,Геймдиректор Overwatch Джефф Каплан покидает Blizzard после 19 лет работы,"геймдиректор джефф каплан покидать после год работа
",0
https://dtf.ru/games/710917-tri-kopa-odin-syuzhet-naskolko-nelineyna-disco-elysium,"Три копа, один сюжет: насколько нелинейна Disco Elysium","три копа один сюжет насколько нелинейный
",1
https://dtf.ru/life/698380-88-letniy-pensioner-raskleil-obyavleniya-chtoby-emu-pomogli-vyyti-iz-pervoy-kreposti-v-skyrim-vyruchil-molodoy-parenek,"88-летний пенсионер расклеил объявления, чтобы ему помогли выйти из первой крепости в Skyrim — выручил молодой паренёк","летний пенсионер расклеивать объявление чтобы он помогать выходить из первый крепость в выручать молодой паренек
",0
https://dtf.ru/flood/689528-microsoft-obyavila-o-pokupke-dtf,Microsoft объявила о покупке DTF ✓,"объявлять о покупка
",0
https://dtf.ru/cinema/688763-nevnimanie-k-detalyam-v-kino,Невнимание к деталям в кино,"невнимание к деталь в кино
",1
https://dtf.ru/gameindustry/703963-prodyuser-diablo-ii-nazval-cenzuroy-menee-seksualizirovannyy-obraz-amazonki-v-versii-resurrected,Продюсер Diablo II назвал «цензурой» менее сексуализированный образ Амазонки в версии Resurrected,"продюсер называть цензура менее сексуализированный образ амазонка в версия
",0
https://dtf.ru/flood/688483-batya-spasaet-syna-gonshchika-iz-goryashchego-avtomobilya,Батя спасает сына-гонщика из горящего автомобиля,"батя спасать сын гонщик из горящий автомобиль
",0
https://dtf.ru/life/700462-vysshaya-shkola-ekonomiki-zapuskaet-delo-o-klevete-v-adres-nikolaya-dybovskogo,Высшая школа экономики запускает дело о клевете в адрес Николая Дыбовского,"высокий школа экономика запускать дело о клевета в адрес николай дыбовский
",1
https://dtf.ru/games/701661-vosstavshiy-iz-mertvyh-obzor-kapitana-blada-legendarnoy-igry-kotoraya-tak-i-ne-vyshla,"Восставший из мёртвых: обзор «Капитана Блада» — легендарной игры, которая так и не вышла","восставать из мертвый обзор капитан бладо легендарный игра который так и не выходить
",1
https://dtf.ru/games/683501-gsc-game-world-pokazala-kostyumy-frakciy-modeli-oruzhiya-i-redaktor-zubov-npc-iz-s-t-a-l-k-e-r-2,"GSC Game World показала костюмы фракций, модели оружия и редактор зубов NPC из S.T.A.L.K.E.R. 2","показывать костюм фракция модель оружие и редактор зуб из
",0
https://dtf.ru/games/692135-vnimanie-k-detalyam-v-igrah-vypusk-14,Внимание к деталям в играх. Выпуск #14,"внимание к деталь в игра выпуск
",0
https://dtf.ru/avi/697863-zapis-dvizheniy-kotikov,Запись движений котиков,"запись движение котиков
",0
https://dtf.ru/cinema/706034-utechka-treyler-vtorogo-sezona-seriala-lyubov-smert-roboty,Утечка: трейлер второго сезона сериала «Любовь. Смерть. Роботы»,"утечка трейлер второй сезон сериал любовь смерть робот
",0
https://dtf.ru/games/696738-polzovatel-reddit-pokazal-demo-asimmetrichnogo-ekshena-v-kotorom-komanda-na-pk-protivostoit-igroku-s-vr,"Пользователь Reddit показал демо асимметричного экшена, в котором команда на ПК противостоит игроку с VR","пользователь показывать демо асимметричный экшено в который команда на пк противостоять игрок с
",0
https://dtf.ru/games/686403-cdpr-opublikovala-polnyy-spisok-izmeneniy-v-patche-1-2-dlya-cyberpunk-2077-ih-bolshe-500,CDPR опубликовала полный список изменений в патче 1.2 для Cyberpunk 2077 — их больше 500,"опубликовывать полный список изменение в патч для они много
",0
https://dtf.ru/life/695887-segodnya-den-rozhdeniya-u-dzheki-chana-emu-ispolnilos-67-let,"Сегодня день рождения у Джеки Чана, ему исполнилось 67 лет","сегодня день рождение у джеки чан он исполняться год
",0
https://dtf.ru/music/677706-v-strashnoy-skazke-bestiariy-pesen-gruppy-korol-i-shut,В страшной сказке: бестиарий песен группы «Король и Шут»,"в страшный сказка бестиарий песня группа король и шут
",0
https://dtf.ru/u/2819-neko-natum/696593-iskusstvo-iz-zapreta-osobennosti-yaponskoy-cenzury,«Искусство из запрета»: особенности японской цензуры,"искусство из запрет особенность японский цензура
",0
https://dtf.ru/gameindustry/702918-vzlet-i-padenie-portativnyh-konsoley-sony,Взлёт и падение портативных консолей Sony,"взлет и падение портативный консоль
",1
https://vc.ru/claim/238668-stavit-li-sportmaster-videokamery-v-razdevalkah-magazinov,"Ставит ли ""Спортмастер"" видеокамеры в раздевалках магазинов?","ставить ли спортмастер видеокамера в раздевалка магазин
",1
https://vc.ru/marketing/238676-dlya-nih-vremya-pokaza-uvedomleniy,для них время показа уведомлений,"для они время показ уведомление
",0
https://vc.ru/finance/238671-6-privychek-milliarderov,6 привычек миллиардеров,"привычка миллиардер
",0
https://vc.ru/marketing/238673-otnositelno-nedavno-mnogie-polzovateli-nachali-stalkivatsya,Относительно недавно многие пользователи начали сталкиваться,"относительно недавно многий пользователь начинать сталкиваться
",0
https://vc.ru/marketing/238670-vse-eto-proizoshlo-primerno-chasa-v-tri-dnya-zvonki-v-podderzhku,Всё это произошло примерно часа в три дня. Звонки в поддержку,"весь это происходить примерно час в три день звонок в поддержка
",0
https://vc.ru/marketing/238662-moya-mama-perevodila-dengi-segodnya-drugomu-takomu-zhe-klientu-sbera-na-ochen-vazhno,Моя мама переводила деньги сегодня другому такому же клиенту Сбера на очень важно,"мой мама переводить деньги сегодня другой такой же клиент сбера на очень важно
",0
https://vc.ru/marketing/238661-trebuet-mnogih-deystviy-kotorye-v-silu-svoey-specifiki-vypolnyayutsya-v-opredelennom-poryadke,"требует многих действий, которые в силу своей специфики выполняются в определенном порядке","требовать многий действие который в сила свой специфика выполняться в определенный порядок
",0
https://vc.ru/marketing/238655-kuhnya-nezamenimyy-element-kazhdoy-kvartiry-ona-dolzhna-byt-ne-tolko-krasivoy-chtoby-my-s-udovolstviem,"Кухня. Незаменимый элемент каждой квартиры. Она должна быть не только красивой, чтобы мы с удовольствием","кухня незаменимый элемент каждый квартира она должный быть не только красивый чтобы мы с удовольствие
",0
https://vc.ru/life/238629-chem-polezen-dlya-rebenka-ksilofon-kakoy-ksilofon-kupit-rebenku,Чем полезен для ребенка ксилофон? Какой ксилофон купить ребенку,"чем полезный для ребенок ксилофон какой ксилофон купить ребенок
",0
https://vc.ru/tribuna/238083-kalendar-mobilnoe-prilozhenie-dlya-operacionnoy-sistemy-android,Календарь — мобильное приложение для операционной системы Андроид,"календарь мобильный приложение для операционный система андроид
",0
https://vc.ru/claim/238613-kak-sberbank-mozhet-zablokirovat-vam-lichnyy-kabinet-na-pustom-meste-i-ne-otkryvat-dvoe-sutok,Как Сбербанк может заблокировать вам личный кабинет на пустом месте и не открывать двое суток,"как сбербанк мочь заблокировать вы личный кабинет на пустой место и не открывать двое сутки
",1
https://vc.ru/marketing/238618-dve-neochevidnye-fishki-kotorye-za-3-mesyaca-uvelichili-prodazhi-v-instagrame-v-52-raza-sredniy-chek-60-000,"Две неочевидные фишки, которые за 3 месяца увеличили продажи в инстаграме в 52 раза. Средний чек — 60 000 ₽","два неочевидный фишка который за месяц увеличивать продажа в инстаграм в раз средний чек
",0
https://vc.ru/claim/238608-zahotel-kupit-playstation-5-na-ozon-derzhi-pozhiznennyy-strayk,Захотел купить Playstation 5 на OZON? Держи пожизненный страйк!,"захотеть купить на держать пожизненный страйк
",1
https://vc.ru/marketing/238561-keys-onlayn-shkola-stilistov-kak-my-poluchili-711-lidov-po-7-3,"Кейс: онлайн-школа стилистов. Как мы получили 711 лидов по 7,3₽","кейс онлайн школа стилист как мы получать лид по
",0
https://vc.ru/tribuna/238594-pochemu-nelzya-rezko-brosat-kurit-i-kak-brosit-postepenno,Почему нельзя резко бросать курить и как бросить постепенно,"почему нельзя резко бросать курить и как бросать постепенно
",0
https://vc.ru/claim/238591-kak-u-menya-ukrali-bally-m-video,Как у меня украли баллы «М.Видео»,"как у я украсть балл м видео
",1
https://vc.ru/finance/238578-investicii-v-odnushki-rf-itogi-10-let,Инвестиции в однушки РФ: итоги 10 лет,"инвестиция в однушка рф итог год
",1
https://vc.ru/marketing/238568-asana-prodaet-ne-planirovshchik-ona-prodaet-oshchushchenie-kontrolya-cennostnoe-predlozhenie-v-kartinkah,Asana продает не планировщик — она продает ощущение контроля. Ценностное предложение в картинках,"продавать не планировщик она продавать ощущение контроль ценностный предложение в картинка
",0
https://vc.ru/marketing/238470-kak-testirovat-ideyu-dlya-biznesa-v-b2b-za-3-dnya-bez-sayta-i-osoboy-podgotovki-mvp-bolshe-ne-rabotaet,"Как тестировать идею для бизнеса в b2b за 3 дня,  без сайта и особой подготовки. MVP больше не работает","как тестировать идея для бизнес в за день без сайт и особый подготовка больше не работать
",0
https://vc.ru/social/238538-telegram-magaziny-zhdem-buma-reklamy-v-telegram,Телеграм-магазины: ждем бума рекламы в Телеграм,"телегр магазин ждать бум реклама в телегр
",1
https://vc.ru/life/238490-singapurskoe-chudo,Сингапурское чудо,"сингапурский чудо
",1
https://vc.ru/team/238469-glavnoe-za-nedelyu-mayskie-kanikuly-ot-putina-istoriya-tainstvennoy-seti-svetofor-i-anonsy-apple,"Главное за неделю: майские «каникулы» от Путина, история «таинственной» сети «Светофор» и анонсы Apple","главное за неделя майский каникулы от путин история таинственный сеть светофор и анонс
",1
https://vc.ru/life/237848-kupil-no-ne-proshel,"Купил, но не прошёл","купить но не проходить
",1
https://vc.ru/marketing/238453-daydzhest-ot-marketing-class-chto-chital-i-smotrel-direktor-po-marketingu-s-19-po-25-aprelya,Дайджест от Marketing Class: что читал и смотрел директор по маркетингу с 19 по 25 апреля,"дайджест от что читать и смотреть директор по маркетинг с по апрель
",0
https://vc.ru/marketing/238448-kak-sdelat-rubrikator-dlya-svoego-restorana,Как сделать рубрикатор для своего ресторана,"как сделать рубрикатор для свой ресторан
",0
https://vc.ru/education/238443-obzor-tehnologicheskih-startapov-v-obrazovanii-za-poslednyuyu-nedelyu,Обзор технологических стартапов в образовании за последнюю неделю,"обзор технологический стартапов в образование за последний неделя
",0
https://vc.ru/food/232003-kak-varit-pivo-doma-otkryt-pab-postroit-kommercheskuyu-pivovarnyu-i-rasshirit-ee-v-5-raz-istoriya-4brewers-chast-4,"Как варить пиво дома, открыть паб, построить коммерческую пивоварню и расширить ее в 5 раз. История 4BREWERS, часть 4","как варить пиво дома открывать паб построить коммерческий пивоварня и расширять она в раз история часть
",0
https://vc.ru/claim/238418-kak-ya-kupil-xbox-series-s-i-byl-navsegda-zabanen-na-ozon,Как я купил Xbox Series S и был навсегда забанен на Ozon,"как я купить и быть навсегда забанить на
",1
https://vc.ru/life/238390-kak-ne-nado-brosat-kurit,Как не надо бросать курить,"как не надо бросать курить
",0
https://vc.ru/office/237531-openspeysy-mertvy-populyarizatory-otkrytyh-prostranstv-razocharovalis-v-nih-i-predlozhili-alternativu,«Опенспейсы мертвы»: популяризаторы открытых пространств разочаровались в них и предложили альтернативу,"опенспейс мертвый популяризатор открытый пространство разочаровываться в они и предлагать альтернатива
",0
https://vc.ru/finance/238431-bitkoyn-padaet-posle-soobshcheniy-chto-dzho-bayden-podnimet-nalogi-dlya-bogatyh,"Биткойн падает после сообщений, что Джо Байден поднимет налоги для богатых","биткойн падать после сообщение что джо байден подымать налог для богатый
",0
https://vc.ru/claim/238422-nerabotayushchiy-bezlimit-na-socseti-v-mts,Неработающий безлимит на соцсети в МТС,"неработающий безлимит на соцсеть в мтс
",0
https://vc.ru/finance/238413-shutka-kak-investicionnaya-ideya,Шутка как инвестиционная идея,"шутка как инвестиционный идея
",0
https://vc.ru/finance/238435-pyat-klyuchevyh-vyvodov-iz-knigi-dzhordzh-soros-alhimiya-finansov,Пять ключевых выводов из книги: Джордж Сорос — Алхимия финансов,"пять ключевой вывод из книга джордж сорос алхимия финансы
",0
https://vc.ru/opinions/238396-programmisty-samouchki-v-chem-ih-problemy-i-pochemu-nuzhny-prepodavateli,"Программисты-самоучки. В чём их проблемы, и почему нужны преподаватели","программист самоучка в что их проблема и почему нужный преподаватель
",1
https://vc.ru/finance/238414-dovody-protiv-uchastiya-v-ipo-segezha-group,Доводы против участия в IPO Segezha Group,"довод против участие в
",0
https://vc.ru/life/236518-kvartirnaya-myshelovka-kak-ne-stat-zhertvoy-moshennikov-pri-pokupke-ili-arende-zhilya,Квартирная мышеловка: как не стать жертвой мошенников при покупке или аренде жилья,"квартирный мышеловка как не становиться жертва мошенник при покупка или аренда жилье
",1
https://vc.ru/finance/238397-vtb-obmanyvaet-v-opisanii-opcii-vyplachivaet-menshe-obeshchannogo,ВТБ обманывает в описании опции. Выплачивает меньше обещанного,"втб обманывать в описание опция выплачивать мало обещать
",0
https://vc.ru/life/238216-otkuda-beretsya-privychka-zasizhivatsya-dopozdna-i-chto-delat-dlya-horoshego-otdyha-i-borby-s-prokrastinaciey-sna,Откуда берётся привычка засиживаться допоздна и что делать для хорошего отдыха и борьбы с «прокрастинацией сна»,"откуда браться привычка засиживаться допоздна и что делать для хороший отдых и борьба с прокрастинация сон
",1
https://vc.ru/hr/238244-o-rabote-v-velichayshey-aviakompanii,О работе в величайшей авиакомпании,"о работа в великий авиакомпания
",1
https://vc.ru/education/238238-poyavilsya-proekt-opredeleniya-prosvetitelskoy-deyatelnosti-tuda-popali-lektorii-prezentacii-onlayn-kontent-i-drugoe,"Появился проект определения «просветительской деятельности» — туда попали лектории, презентации, онлайн-контент и другое","появляться проект определение просветительский деятельность туда попадать лекторий презентация онлайн контент и другой
",1
https://vc.ru/claim/238312-portal-dobrodel-trebuet-dannye-mashiny-vashego-rebenka-i-voennogo-bileta-dlya-avtorizacii-rkn-vse-ravno,"Портал Добродел требует данные машины, вашего ребенка и военного билета для авторизации. РКН все равно","портал добродел требовать данный машина ваш ребенок и военный билет для авторизация РКН все равный
",1
https://vc.ru/life/238308-kak-ya-rabotal-na-pochte-v-nachale-90-h-ili-lyubov-k-pechatnym-izdaniyam,"Как я ""работал"" на почте в начале 90-х или любовь к печатным изданиям","как я работать на почта в начало х или любовь к печатный издание
",1
https://tjournal.ru/news/373698-libertarianca-svetova-arestovali-na-devyat-sutok-po-delu-o-prizyvah-k-mitingam-v-podderzhku-navalnogo,Либертарианца Светова арестовали на девять суток по делу о призывах к митингам в поддержку Навального,"либертарианец светов арестовывать на девять сутки по дело о призыв к митинг в поддержка навальный
",1
https://vc.ru/legal/238979-kak-pravilno-rabotat-na-putinskih-mayskih-kakie-podgotovit-dokumenty-i-nuzhno-li-platit-bolshe,Как правильно работать на «путинских майских»: какие подготовить документы и нужно ли платить больше,"как правильно работать на путинский майский какой подготовить документ и нужно ли платить много
",1
https://dtf.ru/gameindustry/715117-sluh-starfield-pochti-gotova-i-mozhet-vyyti-uzhe-v-etom-godu,Слух: Starfield почти готова и может выйти уже в этом году,"слух почти готовый и мочь выходить уже в этот год
",1
https://tjournal.ru/science/373665-uchenye-nashli-svyaz-mezhdu-vysokim-urovnem-omega-3-v-krovi-i-snizheniem-riska-smerti-na-15-18,Учёные нашли связь между высоким уровнем омега-3 в крови и снижением риска смерти на 15-18%,"ученый находить связь между высокий уровень омега в кровь и снижение риск смерть на
",1
https://vc.ru/opinions/239036-seryy-rynok-kak-ne-popastsya-na-iglu-nelegalnyh-kosmetologov,«Серый рынок»: как не попасться на иглу нелегальных косметологов,"серый рынок как не попадаться на игла нелегальный косметолог
",1
https://dtf.ru/music/715182-spotify-obyavil-o-povyshenii-cen-na-nekotorye-tarifnye-plany-rossiyu-eto-ne-kosnetsya,Spotify объявил о повышении цен на некоторые тарифные планы — Россию это не коснётся,"объявлять о повышение цена на некоторый тарифный план россия это не касаться
",0
https://dtf.ru/avi/715129-kak-v-microsoft-flight-simulator-vossozdali-vsyu-planetu-film-noclip-s-russkoy-ozvuchkoy,Как в Microsoft Flight Simulator воссоздали всю планету. Фильм NoClip с русской озвучкой,"как в воссоздавать весь планета фильм с русский озвучка
",0
https://dtf.ru/games/715069-prinyatie-resheniy-na-treh-urovnyah-techland-otvetila-na-voprosy-igrokov-o-dying-light-2,Принятие решений на трёх уровнях: Techland ответила на вопросы игроков о Dying Light 2,"принятие решение на три уровень отвечать на вопрос игрок о
",0
https://tjournal.ru/s/chessclub/373688-rossiyskiy-grossmeyster-yan-nepomnyashchiy-poluchil-pravo-sygrat-s-deystvuyushchim-chempionom-mira-magnusom-karlsenom,Российский гроссмейстер Ян Непомнящий получил право сыграть с действующим чемпионом мира Магнусом Карлсеном,"российский гроссмейстер ян непомнящий получать право сыграть с действующий чемпион мир магнус карлсен
",0
https://dtf.ru/gamedev/714977-sozdaem-animaciyu-rekonstrukcii-obekta-v-blender-e,Создаем анимацию реконструкции объекта в Blender-е,"создавать анимация реконструкция объект в е
",0
https://dtf.ru/flood/715062-sotrudniki-studii-playground-games-poluchili-futbolki-podpisannye-kak-fable-dev-team,"Сотрудники студии Playground Games получили футболки, подписанные как Fable Dev Team","сотрудник студия получать футболка подписывать как
",0
https://vc.ru/finance/239030-tinkoff-investicii-zaymutsya-organizaciey-ipo,«Тинькофф инвестиции» займутся организацией IPO,"тинькофф инвестиция заниматься организация
",1
https://vc.ru/offline/239000-apple-zaplanirovala-investirovat-430-mlrd-v-ekonomiku-ssha-za-pyat-let,Apple запланировала инвестировать $430 млрд в экономику США за пять лет,"запланировать инвестировать млрд в экономика сша за пять год
",1
https://tjournal.ru/by/373687-grigoriya-kostuseva-v-amerikanke-posadili-v-odnu-kameru-s-viktorom-babariko,Григория Костусева в «американке» посадили в одну камеру с Виктором Бабарико,"григорий костусев в американка посадить в один камера с виктор бабарико
",1
https://tjournal.ru/analysis/371065-kak-v-rossii-proshli-akcii-21-aprelya-fonariki-horovody-i-zhestokie-zaderzhaniya-s-elektroshokerami,"Как в России прошли акции 21 апреля: фонарики, хороводы и жестокие задержания с электрошокерами","как в россия проходить акция апрель фонарик хоровод и жестокий задержание с электрошокер
",1
